create database employee_management_system;
use employee_management_system;

-- DEPARTMENT TABLE --

create table Departments(dept_Id int primary key , dept_Name varchar(30) , Location varchar(30)) ;
insert into Departments values (1, 'HR', 'New York'),
(2, 'Developer', 'Los Angeles'),
(3, 'Developer', 'Chicago'),
(4, 'Tester', 'San Francisco'),
(5, 'Developer', 'Seattle'),
(6, 'Support', 'Boston'),
(7, 'Tester', 'Miami'),
(8, 'Developer', 'Houston'),
(9, 'Support', 'Phoenix'),
(10, 'Tester', 'Austin'),
(11, 'Developer', 'Dallas'),
(12, 'Tester', 'Denver'),
(13, 'Admin', 'Philadelphia'),
(14, 'Customer Service', 'San Diego'),
(15, 'Supply Chain', 'Portland'),
(16, 'Developer', 'Las Vegas'),
(17, 'Corporate Strategy', 'Atlanta'),
(18, 'HR', 'Charlotte'),
(19, 'Compliance', 'San Jose'),
(20, 'Support', 'Orlando'),
(21, 'Innovation', 'Nashville'),
(22, 'Product Management', 'Cleveland'),
(23, 'HR', 'Detroit'),
(24, 'Risk Management', 'Indianapolis'),
(25, 'Tax', 'Columbus'),
(26, 'Treasury', 'Fort Worth'),
(27, 'Tester', 'Memphis'),
(28, 'Developer', 'El Paso'),
(29, 'Developer', 'Baltimore'),
(30, 'Data Science', 'Milwaukee'),
(31, 'Support', 'Albuquerque'),
(32, 'Developer', 'Tucson'),
(33, 'Franchise Operations', 'Fresno'),
(34, 'Global Partnerships', 'Sacramento'),
(35, 'Developer', 'Kansas City'),
(36, 'HR', 'Mesa'),
(37, 'HR', 'Long Beach'),
(38, 'Diversity & Inclusion', 'Omaha'),
(39, 'Developer', 'Virginia Beach'),
(40, 'Corporate Development', 'Miami Beach'),
(41, 'Investor Relations', 'Oakland'),
(42, 'Business Development', 'Raleigh'),
(43, 'Tester', 'Tulsa'),
(44, 'Merchandising', 'Minneapolis'),
(45, 'Developer', 'New Orleans'),
(46, 'Support', 'Arlington'),
(47, 'Tester', 'Wichita'),
(48, 'Corporate Responsibility', 'Bakersfield'),
(49, 'Tester', 'Tampa'),
(50, 'Developer', 'Aurora'),
(51, 'Brand', 'Anaheim'),
(52, 'IT Helpdesk', 'Santa Ana'),
(53, 'Product Design', 'St. Louis'),
(54, 'Analytics', 'Pittsburgh'),
(55, 'HR', 'Corpus Christi'),
(56, 'Transformation', 'Lexington'),
(57, 'Global Marketing', 'Stockton'),
(58, 'Tester', 'Henderson'),
(59, 'Facilities Management', 'Cincinnati'),
(60, 'Labor Relations', 'St. Paul'),
(61, 'Corporate Services', 'Newark'),
(62, 'Support', 'Toledo'),
(63, 'Growth & Innovation', 'Greensboro'),
(64, 'Tester', 'Plano'),
(65, 'Commercial Operations', 'Lincoln'),
(66, 'Digital Operations', 'Buffalo'),
(67, 'Support', 'Jersey City'),
(68, 'HR', 'Chula Vista'),
(69, 'Developer', 'Fort Wayne'),
(70, 'Field Engineering', 'St. Petersburg'),
(71, 'HR', 'Orlando'),
(72, 'Tester', 'Chandler'),
(73, 'Transportation', 'Laredo'),
(74, 'Corporate Sustainability', 'Madison'),
(75, 'Business Intelligence', 'Durham'),
(76, 'New Product Development', 'Lubbock'),
(77, 'Employee Relations', 'Garland'),
(78, 'Support', 'Glendale'),
(79, 'Corporate Strategy', 'Hialeah'),
(80, 'Developer', 'Reno'),
(81, 'Tester', 'Chesapeake'),
(82, 'HR Compliance', 'Gilbert'),
(83, 'Support', 'Baton Rouge'),
(84, 'Tester', 'Irving'),
(85, 'HR', 'Scottsdale'),
(86, 'Financial Planning', 'North Las Vegas'),
(87, 'Advertising', 'Fremont'),
(88, 'HR', 'Boise'),
(89, 'Support', 'Richmond'),
(90, 'Product Research', 'San Bernardino'),
(91, 'Corporate Finance', 'Spokane'),
(92, 'Field Operations', 'Modesto'),
(93, 'IT Governance', 'Fontana'),
(94, 'Tester', 'Des Moines'),
(95, 'HR', 'Moreno Valley'),
(96, 'Tester', 'Santa Clarita'),
(97, 'Support', 'Fayetteville'),
(98, 'Procurement Operations', 'Shreveport'),
(99, 'Support', 'Akron'),
(100, 'Developer', 'Grand Rapids');

select * from departments;

-- --------------------------------------------------------------------------------------------------------------------------------
-- EMPLOYEES TABLE

create table Employees (emp_Id int auto_increment primary key , Emp_Name varchar(30) , Dept_Id int , Position varchar(50) , Salary int , 
Hire_date Date , Email varchar(50) , Phone_No varchar(30));
drop table employees;
insert into Employees(Emp_Name , Dept_Id , Position , Salary , Hire_date , Email , Phone_no) values 
('Arun Kumar', 1, 'Software Engineer', 75000, 20200101, 'arunkumar1@example.com', '+91-9812345670'),
('Venkat' ,3,'Web Developer' ,80000,20240901 ,'skvenkat@gmail.com' ,'+91-6386357683'),
('Lakshmi Narayanan', 2, 'Data Analyst', 68000, 20200215, 'lakshminarayanan2@example.com', '+91-9812345671'),
('Ravi Chandran', 3, 'Project Manager', 90000, 20200310, 'ravichandran3@example.com', '+91-9812345672'),
('Vidhya Rani', 1, 'Software Engineer', 72000, 20200420, 'vidhyarani4@example.com', '+91-9812345673'),
('Murugan Sundar', 4, 'HR Specialist', 60000, 20200505, 'murugansundar5@example.com', '+91-9812345674'),
('Saravanan Bala', 5, 'Accountant', 65000, 20200612, 'saravananbala6@example.com', '+91-9812345675'),
('Priya Selvam', 1, 'DevOps Engineer', 78000, 20200725, 'priyaselvam7@example.com', '+91-9812345676'),
('Gokul Raj', 2, 'Data Scientist', 85000, 20200830, 'gokulraj8@example.com', '+91-9812345677'),
('Karthik Subramani', 3, 'Product Manager', 88000, 20200915, 'karthiksubramani9@example.com', '+91-9812345678'),
('Meena Devi', 4, 'HR Manager', 72000, 20201005, 'meenadevi10@example.com', '+91-9812345679'),
('Anand Kumar', 1, 'Software Engineer', 74000, 20201111, 'anandkumar11@example.com', '+91-9812345680'),
('Deepa Lakshmi', 2, 'Data Analyst', 69000, 20201222, 'deepalakshmi12@example.com', '+91-9812345681'),
('Vijay Kumar', 3, 'Project Manager', 92000, 20210101, 'vijaykumar13@example.com', '+91-9812345682'),
('Sundar Rajan', 1, 'Software Engineer', 76000, 20210115, 'sundarrajan14@example.com', '+91-9812345683'),
('Divya Rani', 4, 'HR Specialist', 62000, 20210210, 'divyarani15@example.com', '+91-9812345684'),
('Rajesh Kumar', 5, 'Accountant', 66000, 20210305, 'rajeshkumar16@example.com', '+91-9812345685'),
('Siva Priya', 1, 'DevOps Engineer', 79000, 20210420, 'sivapriya17@example.com', '+91-9812345686'),
('Bala Murugan', 2, 'Data Scientist', 86000, 20210515, 'balamurugan18@example.com', '+91-9812345687'),
('Ramesh Kumar', 3, 'Product Manager', 89000, 20210630, 'rameshkumar19@example.com', '+91-9812345688'),
('Gayathri Devi', 4, 'HR Manager', 73000, 20210725, 'gayathridevi20@example.com', '+91-9812345689'),
('Hari Krishna', 1, 'Software Engineer', 76000, 20210810, 'harikrishna21@example.com', '+91-9812345690'),
('Malathi Rani', 2, 'Data Analyst', 70000, 20210905, 'malathirani22@example.com', '+91-9812345691'),
('Manoj Kumar', 3, 'Project Manager', 94000, 20211001, 'manojkumar23@example.com', '+91-9812345692'),
('Revathi Nair', 1, 'Software Engineer', 78000, 20211115, 'revathinair24@example.com', '+91-9812345693'),
('Mohan Raj', 4, 'HR Specialist', 64000, 20211210, 'mohanraj25@example.com', '+91-9812345694'),
('Shankar Iyer', 5, 'Accountant', 67000, 20220120, 'shankariyer26@example.com', '+91-9812345695'),
('Uma Mahesh', 1, 'DevOps Engineer', 80000, 20220214, 'umamahesh27@example.com', '+91-9812345696'),
('Kavitha Raj', 2, 'Data Scientist', 87000, 20220330, 'kavitharaj28@example.com', '+91-9812345697'),
('Suresh Kumar', 3, 'Product Manager', 91000, 20220425, 'sureshkumar29@example.com', '+91-9812345698'),
('Renuka Devi', 4, 'HR Manager', 74000, 20220510, 'renukadevi30@example.com', '+91-9812345699'),
('Vijaya Kumari', 1, 'Software Engineer', 78000, 20220620, 'vijayakumari31@example.com', '+91-9812345700'),
('Prakash Raj', 2, 'Data Analyst', 71000, 20220710, 'prakashraj32@example.com', '+91-9812345701'),
('Bharath Kumar', 3, 'Project Manager', 95000, 20220801, 'bharathkumar33@example.com', '+91-9812345702'),
('Vijayalakshmi Nair', 1, 'Software Engineer', 80000, 20220912, 'vijayalakshminair34@example.com', '+91-9812345703'),
('Dinesh Kumar', 4, 'HR Specialist', 66000, 20221005, 'dineshkumar35@example.com', '+91-9812345704'),
('Ragini Rani', 5, 'Accountant', 69000, 20221120, 'raginirani36@example.com', '+91-9812345705'),
('Vivek Sundar', 1, 'DevOps Engineer', 81000, 20221215, 'viveksundar37@example.com', '+91-9812345706'),
('Raghavan Kumar', 3, 'Product Manager', 92000, 20230228, 'raghavankumar39@example.com', '+91-9812345708'),
('Madhavi Devi', 4, 'HR Manager', 76000, 20230315, 'madhavidevi40@example.com', '+91-9812345709'),
('Mohan Kumar', 1, 'Software Engineer', 79000, 20230420, 'mohankumar41@example.com', '+91-9812345710'),
('Seetha Lakshmi', 2, 'Data Analyst', 72000, 20230510, 'seethalakshmi42@example.com', '+91-9812345711'),
('Rajeshwari Devi', 3, 'Project Manager', 96000, 20230605, 'rajeshwaridevi43@example.com', '+91-9812345712'),
('Vasanth Kumar', 1, 'Software Engineer', 81000, 20230701, 'vasanthkumar44@example.com', '+91-9812345713'),
('Meenakshi Rani', 4, 'HR Specialist', 68000, 20230815, 'meenakshirani45@example.com', '+91-9812345714'),
('Karthik Bala', 5, 'Accountant', 71000, 20230910, 'karthikbala46@example.com', '+91-9812345715'),
('Sathish Kumar', 1, 'DevOps Engineer', 82000, 20231005, 'sathishkumar47@example.com', '+91-9812345716'),
('Savitri Devi', 2, 'Data Scientist', 89000, 20231101, 'savitridevi48@example.com', '+91-9812345717'),
('Natarajan Raj', 3, 'Product Manager', 93000, 20231210, 'natarajanraj49@example.com', '+91-9812345718'),
('Kalaivani Devi', 4, 'HR Manager', 78000, 20240115, 'kalaivanidevi50@example.com', '+91-9812345719'),
('Siva Kumar', 1, 'Software Engineer', 82000, 20240210, 'sivakumar51@example.com', '+91-9812345720'),
('John Doe', 1, 'HR Manager', 70000, 20180115, 'johndoe@example.com', '555-123-4567'),
('Jane Smith', 2, 'Financial Analyst', 80000, 20180422, 'janesmith@example.com', '555-234-5678'),
('Michael Brown', 3, 'Marketing Specialist', 65000, 20190930, 'michaelbrown@example.com', '555-345-6789'),
('Emily Johnson', 4, 'IT Support', 72000, 20171015, 'emilyjohnson@example.com', '555-456-7890'),
('Chris Lee', 5, 'R&D Engineer', 95000, 20200320, 'chrislee@example.com', '555-567-8901'),
('Sarah Davis', 6, 'Operations Manager', 83000, 20180712, 'sarahdavis@example.com', '555-678-9012'),
('David Wilson', 7, 'Sales Associate', 60000, 20191210, 'davidwilson@example.com', '555-789-0123'),
('Laura Martinez', 8, 'Legal Counsel', 88000, 20190105, 'lauramartinez@example.com', '555-890-1234'),
('James Taylor', 9, 'Support Specialist', 55000, 20181118, 'jamestaylor@example.com', '555-901-2345'),
('Megan White', 10, 'Software Engineer', 90000, 20200215, 'meganwhite@example.com', '555-012-3456'),
('Paul Harris', 11, 'Procurement Officer', 62000, 20180510, 'paulharris@example.com', '555-123-9876'),
('Lisa Clark', 12, 'Security Analyst', 72000, 20210601, 'lisaclark@example.com', '555-234-0987'),
('Robert Lewis', 13, 'Administrative Assistant', 48000, 20191221, 'robertlewis@example.com', '555-345-1098'),
('Amy Walker', 14, 'Customer Service Rep', 53000, 20200408, 'amywalker@example.com', '555-456-2109'),
('Daniel Hall', 15, 'Supply Chain Analyst', 67000, 20181029, 'danielhall@example.com', '555-567-3210'),
('Jennifer Allen', 16, 'Public Relations Manager', 75000, 20180727, 'jenniferallen@example.com', '555-678-4321'),
('Matthew Young', 17, 'Corporate Strategy Consultant', 92000, 20210110, 'matthewyoung@example.com', '555-789-5432'),
('Michelle King', 18, 'Facilities Supervisor', 61000, 20180525, 'michelleking@example.com', '555-890-6543'),
('Andrew Scott', 19, 'Compliance Officer', 83000, 20180613, 'andrewscott@example.com', '555-901-7654'),
('Rachel Green', 20, 'Content Manager', 72000, 20190302, 'rachelgreen@example.com', '555-012-8765'),
('Jason Baker', 21, 'Innovation Strategist', 86000, 20200720, 'jasonbaker@example.com', '555-123-9876'),
('Stephanie Gonzalez', 22, 'Product Manager', 95000, 20180629, 'stephaniegonzalez@example.com', '555-234-0987'),
('Brian Adams', 23, 'Quality Assurance Lead', 78000, 20200217, 'brianadams@example.com', '555-345-1098'),
('Sophia Nelson', 24, 'Risk Manager', 86000, 20190515, 'sophianelson@example.com', '555-456-2109'),
('Ethan Carter', 25, 'Tax Specialist', 66000, 20210310, 'ethancarter@example.com', '555-567-3210'),
('Olivia Torres', 26, 'Treasury Analyst', 78000, 20181204, 'oliviatorres@example.com', '555-678-4321'),
('Henry Mitchell', 27, 'Talent Acquisition Specialist', 69000, 20190212, 'henrymitchell@example.com', '555-789-5432'),
('Samantha Roberts', 28, 'Legal Advisor', 86000, 20201124, 'samantharoberts@example.com', '555-890-6543'),
('Benjamin Ramirez', 29, 'Government Affairs Manager', 91000, 20191223,'Benjamin@example.com' , '555-678-9876'),
('Arun Kumar', 1, 'Software Engineer', 75000, 20200101, 'arunkumar1@example.com', '+91-9812345670'),
('Lakshmi Narayanan', 2, 'Data Analyst', 68000, 20200215, 'lakshminarayanan2@example.com', '+91-9812345671'),
('Ravi Chandran', 3, 'Project Manager', 90000, 20200310, 'ravichandran3@example.com', '+91-9812345672'),
('Vidhya Rani', 1, 'Software Engineer', 72000, 20200420, 'vidhyarani4@example.com', '+91-9812345673'),
('Murugan Sundar', 4, 'HR Specialist', 60000, 20200505, 'murugansundar5@example.com', '+91-9812345674'),
('Saravanan Bala', 5, 'Accountant', 65000, 20200612, 'saravananbala6@example.com', '+91-9812345675'),
('Priya Selvam', 1, 'DevOps Engineer', 78000, 20200725, 'priyaselvam7@example.com', '+91-9812345676'),
('Gokul Raj', 2, 'Data Scientist', 85000, 20200830, 'gokulraj8@example.com', '+91-9812345677'),
('Karthik Subramani', 3, 'Product Manager', 88000, 20200915, 'karthiksubramani9@example.com', '+91-9812345678'),
('Meena Devi', 4, 'HR Manager', 72000, 20201005, 'meenadevi10@example.com', '+91-9812345679'),
('Anand Kumar', 1, 'Software Engineer', 74000, 20201111, 'anandkumar11@example.com', '+91-9812345680'),
('Deepa Lakshmi', 2, 'Data Analyst', 69000, 20201222, 'deepalakshmi12@example.com', '+91-9812345681'),
('Vijay Kumar', 3, 'Project Manager', 92000, 20210101, 'vijaykumar13@example.com', '+91-9812345682'),
('Sundar Rajan', 1, 'Software Engineer', 76000, 20210115, 'sundarrajan14@example.com', '+91-9812345683'),
('Divya Rani', 4, 'HR Specialist', 62000, 20210210, 'divyarani15@example.com', '+91-9812345684'),
('Rajesh Kumar', 5, 'Accountant', 66000, 20210305, 'rajeshkumar16@example.com', '+91-9812345685'),
('Siva Priya', 1, 'DevOps Engineer', 79000, 20210420, 'sivapriya17@example.com', '+91-9812345686'),
('Bala Murugan', 2, 'Data Scientist', 86000, 20210515, 'balamurugan18@example.com', '+91-9812345687'),
('Ramesh Kumar', 3, 'Product Manager', 89000, 20210630, 'rameshkumar19@example.com', '+91-9812345688'),
('Gayathri Devi', 4, 'HR Manager', 73000, 20210725, 'gayathridevi20@example.com', '+91-9812345689'),
('Hari Krishna', 1, 'Software Engineer', 76000, 20210810, 'harikrishna21@example.com', '+91-9812345690'),
('Malathi Rani', 2, 'Data Analyst', 70000, 20210905, 'malathirani22@example.com', '+91-9812345691'),
('Manoj Kumar', 3, 'Project Manager', 94000, 20211001, 'manojkumar23@example.com', '+91-9812345692'),
('Revathi Nair', 1, 'Software Engineer', 78000, 20211115, 'revathinair24@example.com', '+91-9812345693'),
('Mohan Raj', 4, 'HR Specialist', 64000, 20211210, 'mohanraj25@example.com', '+91-9812345694'),
('Shankar Iyer', 5, 'Accountant', 67000, 20220120, 'shankariyer26@example.com', '+91-9812345695'),
('Uma Mahesh', 1, 'DevOps Engineer', 80000, 20220214, 'umamahesh27@example.com', '+91-9812345696'),
('Kavitha Raj', 2, 'Data Scientist', 87000, 20220330, 'kavitharaj28@example.com', '+91-9812345697'),
('Suresh Kumar', 3, 'Product Manager', 91000, 20220425, 'sureshkumar29@example.com', '+91-9812345698'),
('Renuka Devi', 4, 'HR Manager', 74000, 20220510, 'renukadevi30@example.com', '+91-9812345699'),
('Vijaya Kumari', 1, 'Software Engineer', 78000, 20220620, 'vijayakumari31@example.com', '+91-9812345700'),
('Prakash Raj', 2, 'Data Analyst', 71000, 20220710, 'prakashraj32@example.com', '+91-9812345701'),
('Bharath Kumar', 3, 'Project Manager', 95000, 20220801, 'bharathkumar33@example.com', '+91-9812345702'),
('Vijayalakshmi Nair', 1, 'Software Engineer', 80000, 20220912, 'vijayalakshminair34@example.com', '+91-9812345703'),
('Dinesh Kumar', 4, 'HR Specialist', 66000, 20221005, 'dineshkumar35@example.com', '+91-9812345704'),
('Ragini Rani', 5, 'Accountant', 69000, 20221120, 'raginirani36@example.com', '+91-9812345705'),
('Vivek Sundar', 1, 'DevOps Engineer', 81000, 20221215, 'viveksundar37@example.com', '+91-9812345706'),
('Arun Kumar', 1, 'Software Engineer', 75000, 20200101, 'arunkumar1@example.com', '+91-9812345670'),
('Lakshmi Narayanan', 2, 'Data Analyst', 68000, 20200215, 'lakshminarayanan2@example.com', '+91-9812345671'),
('Ravi Chandran', 3, 'Project Manager', 90000, 20200310, 'ravichandran3@example.com', '+91-9812345672'),
('Vidhya Rani', 1, 'Software Engineer', 72000, 20200420, 'vidhyarani4@example.com', '+91-9812345673'),
('Murugan Sundar', 4, 'HR Specialist', 60000, 20200505, 'murugansundar5@example.com', '+91-9812345674'),
('Saravanan Bala', 5, 'Accountant', 65000, 20200612, 'saravananbala6@example.com', '+91-9812345675'),
('Priya Selvam', 1, 'DevOps Engineer', 78000, 20200725, 'priyaselvam7@example.com', '+91-9812345676'),
('Gokul Raj', 2, 'Data Scientist', 85000, 20200830, 'gokulraj8@example.com', '+91-9812345677'),
('Karthik Subramani', 3, 'Product Manager', 88000, 20200915, 'karthiksubramani9@example.com', '+91-9812345678'),
('Meena Devi', 4, 'HR Manager', 72000, 20201005, 'meenadevi10@example.com', '+91-9812345679'),
('Anand Kumar', 1, 'Software Engineer', 74000, 20201111, 'anandkumar11@example.com', '+91-9812345680'),
('Deepa Lakshmi', 2, 'Data Analyst', 69000, 20201222, 'deepalakshmi12@example.com', '+91-9812345681'),
('Vijay Kumar', 3, 'Project Manager', 92000, 20210101, 'vijaykumar13@example.com', '+91-9812345682'),
('Sundar Rajan', 1, 'Software Engineer', 76000, 20210115, 'sundarrajan14@example.com', '+91-9812345683'),
('Divya Rani', 4, 'HR Specialist', 62000, 20210210, 'divyarani15@example.com', '+91-9812345684'),
('Rajesh Kumar', 5, 'Accountant', 66000, 20210305, 'rajeshkumar16@example.com', '+91-9812345685'),
('Siva Priya', 1, 'DevOps Engineer', 79000, 20210420, 'sivapriya17@example.com', '+91-9812345686'),
('Bala Murugan', 2, 'Data Scientist', 86000, 20210515, 'balamurugan18@example.com', '+91-9812345687'),
('Ramesh Kumar', 3, 'Product Manager', 89000, 20210630, 'rameshkumar19@example.com', '+91-9812345688'),
('Gayathri Devi', 4, 'HR Manager', 73000, 20210725, 'gayathridevi20@example.com', '+91-9812345689'),
('Hari Krishna', 1, 'Software Engineer', 76000, 20210810, 'harikrishna21@example.com', '+91-9812345690'),
('Malathi Rani', 2, 'Data Analyst', 70000, 20210905, 'malathirani22@example.com', '+91-9812345691'),
('Manoj Kumar', 3, 'Project Manager', 94000, 20211001, 'manojkumar23@example.com', '+91-9812345692'),
('Revathi Nair', 1, 'Software Engineer', 78000, 20211115, 'revathinair24@example.com', '+91-9812345693'),
('Mohan Raj', 4, 'HR Specialist', 64000, 20211210, 'mohanraj25@example.com', '+91-9812345694'),
('Shankar Iyer', 5, 'Accountant', 67000, 20220120, 'shankariyer26@example.com', '+91-9812345695'),
('Uma Mahesh', 1, 'DevOps Engineer', 80000, 20220214, 'umamahesh27@example.com', '+91-9812345696'),
('Kavitha Raj', 2, 'Data Scientist', 87000, 20220330, 'kavitharaj28@example.com', '+91-9812345697'),
('Suresh Kumar', 3, 'Product Manager', 91000, 20220425, 'sureshkumar29@example.com', '+91-9812345698'),
('Renuka Devi', 4, 'HR Manager', 74000, 20220510, 'renukadevi30@example.com', '+91-9812345699'),
('Vijaya Kumari', 1, 'Software Engineer', 78000, 20220620, 'vijayakumari31@example.com', '+91-9812345700'),
('Prakash Raj', 2, 'Data Analyst', 71000, 20220710, 'prakashraj32@example.com', '+91-9812345701'),
('Bharath Kumar', 3, 'Project Manager', 95000, 20220801, 'bharathkumar33@example.com', '+91-9812345702'),
('Vijayalakshmi Nair', 1, 'Software Engineer', 80000, 20220912, 'vijayalakshminair34@example.com', '+91-9812345703'),
('Dinesh Kumar', 4, 'HR Specialist', 66000, 20221005, 'dineshkumar35@example.com', '+91-9812345704'),
('Ragini Rani', 5, 'Accountant', 69000, 20221120, 'raginirani36@example.com', '+91-9812345705'),
('Vivek Sundar', 1, 'DevOps Engineer', 81000, 20221215, 'viveksundar37@example.com', '+91-9812345706'),
('Raghavan Kumar', 3, 'Product Manager', 92000, 20230228, 'raghavankumar39@example.com', '+91-9812345708'),
('Madhavi Devi', 4, 'HR Manager', 76000, 20230315, 'madhavidevi40@example.com', '+91-9812345709'),
('Mohan Kumar', 1, 'Software Engineer', 79000, 20230420, 'mohankumar41@example.com', '+91-9812345710'),
('Seetha Lakshmi', 2, 'Data Analyst', 72000, 20230510, 'seethalakshmi42@example.com', '+91-9812345711'),
('Rajeshwari Devi', 3, 'Project Manager', 96000, 20230605, 'rajeshwaridevi43@example.com', '+91-9812345712'),
('Vasanth Kumar', 1, 'Software Engineer', 81000, 20230701, 'vasanthkumar44@example.com', '+91-9812345713'),
('Meenakshi Rani', 4, 'HR Specialist', 68000, 20230815, 'meenakshirani45@example.com', '+91-9812345714'),
('Karthik Bala', 5, 'Accountant', 71000, 20230910, 'karthikbala46@example.com', '+91-9812345715'),
('Sathish Kumar', 1, 'DevOps Engineer', 82000, 20231005, 'sathishkumar47@example.com', '+91-9812345716'),
('Savitri Devi', 2, 'Data Scientist', 89000, 20231101, 'savitridevi48@example.com', '+91-9812345717'),
('Natarajan Raj', 3, 'Product Manager', 93000, 20231210, 'natarajanraj49@example.com', '+91-9812345718'),
('Kalaivani Devi', 4, 'HR Manager', 78000, 20240115, 'kalaivanidevi50@example.com', '+91-9812345719'),
('Siva Kumar', 1, 'Software Engineer', 82000, 20240210, 'sivakumar51@example.com', '+91-9812345720'),
('John Doe', 1, 'HR Manager', 70000, 20180115, 'johndoe@example.com', '555-123-4567'),
('Jane Smith', 2, 'Financial Analyst', 80000, 20180422, 'janesmith@example.com', '555-234-5678'),
('Michael Brown', 3, 'Marketing Specialist', 65000, 20190930, 'michaelbrown@example.com', '555-345-6789'),
('Emily Johnson', 4, 'IT Support', 72000, 20171015, 'emilyjohnson@example.com', '555-456-7890'),
('Chris Lee', 5, 'R&D Engineer', 95000, 20200320, 'chrislee@example.com', '555-567-8901'),
('Sarah Davis', 6, 'Operations Manager', 83000, 20180712, 'sarahdavis@example.com', '555-678-9012'),
('David Wilson', 7, 'Sales Associate', 60000, 20191210, 'davidwilson@example.com', '555-789-0123'),
('Laura Martinez', 8, 'Legal Counsel', 88000, 20190105, 'lauramartinez@example.com', '555-890-1234'),
('James Taylor', 9, 'Support Specialist', 55000, 20181118, 'jamestaylor@example.com', '555-901-2345'),
('Megan White', 10, 'Software Engineer', 90000, 20200215, 'meganwhite@example.com', '555-012-3456'),
('Paul Harris', 11, 'Procurement Officer', 62000, 20180510, 'paulharris@example.com', '555-123-9876'),
('Lisa Clark', 12, 'Security Analyst', 72000, 20210601, 'lisaclark@example.com', '555-234-0987'),
('Robert Lewis', 13, 'Administrative Assistant', 48000, 20191221, 'robertlewis@example.com', '555-345-1098'),
('Amy Walker', 14, 'Customer Service Rep', 53000, 20200408, 'amywalker@example.com', '555-456-2109'),
('Daniel Hall', 15, 'Supply Chain Analyst', 67000, 20181029, 'danielhall@example.com', '555-567-3210'),
('Jennifer Allen', 16, 'Public Relations Manager', 75000, 20180727, 'jenniferallen@example.com', '555-678-4321'),
('Matthew Young', 17, 'Corporate Strategy Consultant', 92000, 20210110, 'matthewyoung@example.com', '555-789-5432'),
('Michelle King', 18, 'Facilities Supervisor', 61000, 20180525, 'michelleking@example.com', '555-890-6543'),
('Andrew Scott', 19, 'Compliance Officer', 83000, 20180613, 'andrewscott@example.com', '555-901-7654'),
('Rachel Green', 20, 'Content Manager', 72000, 20190302, 'rachelgreen@example.com', '555-012-8765'),
('Jason Baker', 21, 'Innovation Strategist', 86000, 20200720, 'jasonbaker@example.com', '555-123-9876'),
('Stephanie Gonzalez', 22, 'Product Manager', 95000, 20180629, 'stephaniegonzalez@example.com', '555-234-0987'),
('Brian Adams', 23, 'Quality Assurance Lead', 78000, 20200217, 'brianadams@example.com', '555-345-1098'),
('Sophia Nelson', 24, 'Risk Manager', 86000, 20190515, 'sophianelson@example.com', '555-456-2109'),
('Ethan Carter', 25, 'Tax Specialist', 66000, 20210310, 'ethancarter@example.com', '555-567-3210'),
('Olivia Torres', 26, 'Treasury Analyst', 78000, 20181204, 'oliviatorres@example.com', '555-678-4321'),
('Henry Mitchell', 27, 'Talent Acquisition Specialist', 69000, 20190212, 'henrymitchell@example.com', '555-789-5432'),
('Samantha Roberts', 28, 'Legal Advisor', 86000, 20201124, 'samantharoberts@example.com', '555-890-6543'),
('Benjamin Ramirez', 29, 'Government Affairs Manager', 91000, 20191223,'Benjamin@example.com' , '555-678-9876'),
('Arun Kumar', 1, 'Software Engineer', 75000, 20200101, 'arunkumar1@example.com', '+91-9812345670'),
('Lakshmi Narayanan', 2, 'Data Analyst', 68000, 20200215, 'lakshminarayanan2@example.com', '+91-9812345671'),
('Ravi Chandran', 3, 'Project Manager', 90000, 20200310, 'ravichandran3@example.com', '+91-9812345672'),
('Vidhya Rani', 1, 'Software Engineer', 72000, 20200420, 'vidhyarani4@example.com', '+91-9812345673'),
('Murugan Sundar', 4, 'HR Specialist', 60000, 20200505, 'murugansundar5@example.com', '+91-9812345674'),
('Saravanan Bala', 5, 'Accountant', 65000, 20200612, 'saravananbala6@example.com', '+91-9812345675'),
('Vasanth Kumar', 1, 'Software Engineer', 81000, 20230701, 'vasanthkumar44@example.com', '+91-9812345713'),
('Meenakshi Rani', 4, 'HR Specialist', 68000, 20230815, 'meenakshirani45@example.com', '+91-9812345714'),
('Karthik Bala', 5, 'Accountant', 71000, 20230910, 'karthikbala46@example.com', '+91-9812345715'),
('Sathish Kumar', 1, 'DevOps Engineer', 82000, 20231005, 'sathishkumar47@example.com', '+91-9812345716'),
('Savitri Devi', 2, 'Data Scientist', 89000, 20231101, 'savitridevi48@example.com', '+91-9812345717'),
('Natarajan Raj', 3, 'Product Manager', 93000, 20231210, 'natarajanraj49@example.com', '+91-9812345718'),
('Kalaivani Devi', 4, 'HR Manager', 78000, 20240115, 'kalaivanidevi50@example.com', '+91-9812345719'),
('Siva Kumar', 1, 'Software Engineer', 82000, 20240210, 'sivakumar51@example.com', '+91-9812345720'),
('John Doe', 1, 'HR Manager', 70000, 20180115, 'johndoe@example.com', '555-123-4567'),
('Jane Smith', 2, 'Financial Analyst', 80000, 20180422, 'janesmith@example.com', '555-234-5678'),
('Michael Brown', 3, 'Marketing Specialist', 65000, 20190930, 'michaelbrown@example.com', '555-345-6789'),
('Emily Johnson', 4, 'IT Support', 72000, 20171015, 'emilyjohnson@example.com', '555-456-7890'),
('Chris Lee', 5, 'R&D Engineer', 95000, 20200320, 'chrislee@example.com', '555-567-8901'),
('Sarah Davis', 6, 'Operations Manager', 83000, 20180712, 'sarahdavis@example.com', '555-678-9012'),
('David Wilson', 7, 'Sales Associate', 60000, 20191210, 'davidwilson@example.com', '555-789-0123'),
('Laura Martinez', 8, 'Legal Counsel', 88000, 20190105, 'lauramartinez@example.com', '555-890-1234'),
('James Taylor', 9, 'Support Specialist', 55000, 20181118, 'jamestaylor@example.com', '555-901-2345'),
('Megan White', 10, 'Software Engineer', 90000, 20200215, 'meganwhite@example.com', '555-012-3456'),
('Paul Harris', 11, 'Procurement Officer', 62000, 20180510, 'paulharris@example.com', '555-123-9876'),
('Lisa Clark', 12, 'Security Analyst', 72000, 20210601, 'lisaclark@example.com', '555-234-0987'),
('Robert Lewis', 13, 'Administrative Assistant', 48000, 20191221, 'robertlewis@example.com', '555-345-1098'),
('Amy Walker', 14, 'Customer Service Rep', 53000, 20200408, 'amywalker@example.com', '555-456-2109'),
('Daniel Hall', 15, 'Supply Chain Analyst', 67000, 20181029, 'danielhall@example.com', '555-567-3210'),
('Jennifer Allen', 16, 'Public Relations Manager', 75000, 20180727, 'jenniferallen@example.com', '555-678-4321'),
('Matthew Young', 17, 'Corporate Strategy Consultant', 92000, 20210110, 'matthewyoung@example.com', '555-789-5432'),
('Michelle King', 18, 'Facilities Supervisor', 61000, 20180525, 'michelleking@example.com', '555-890-6543'),
('Andrew Scott', 19, 'Compliance Officer', 83000, 20180613, 'andrewscott@example.com', '555-901-7654'),
('Rachel Green', 20, 'Content Manager', 72000, 20190302, 'rachelgreen@example.com', '555-012-8765'),
('Jason Baker', 21, 'Innovation Strategist', 86000, 20200720, 'jasonbaker@example.com', '555-123-9876'),
('Stephanie Gonzalez', 22, 'Product Manager', 95000, 20180629, 'stephaniegonzalez@example.com', '555-234-0987'),
('Brian Adams', 23, 'Quality Assurance Lead', 78000, 20200217, 'brianadams@example.com', '555-345-1098'),
('Sophia Nelson', 24, 'Risk Manager', 86000, 20190515, 'sophianelson@example.com', '555-456-2109'),
('Ethan Carter', 25, 'Tax Specialist', 66000, 20210310, 'ethancarter@example.com', '555-567-3210'),
('Olivia Torres', 26, 'Treasury Analyst', 78000, 20181204, 'oliviatorres@example.com', '555-678-4321'),
('Henry Mitchell', 27, 'Talent Acquisition Specialist', 69000, 20190212, 'henrymitchell@example.com', '555-789-5432'),
('Samantha Roberts', 28, 'Legal Advisor', 86000, 20201124, 'samantharoberts@example.com', '555-890-6543'),
('Benjamin Ramirez', 29, 'Government Affairs Manager', 91000, 20191223,'Benjamin@example.com' , '555-678-9876'),
('Arun Kumar', 1, 'Software Engineer', 75000, 20200101, 'arunkumar1@example.com', '+91-9812345670'),
('Lakshmi Narayanan', 2, 'Data Analyst', 68000, 20200215, 'lakshminarayanan2@example.com', '+91-9812345671'),
('Ravi Chandran', 3, 'Project Manager', 90000, 20200310, 'ravichandran3@example.com', '+91-9812345672'),
('Vidhya Rani', 1, 'Software Engineer', 72000, 20200420, 'vidhyarani4@example.com', '+91-9812345673'),
('Murugan Sundar', 4, 'HR Specialist', 60000, 20200505, 'murugansundar5@example.com', '+91-9812345674'),
('Saravanan Bala', 5, 'Accountant', 65000, 20200612, 'saravananbala6@example.com', '+91-9812345675'),
('Priya Selvam', 1, 'DevOps Engineer', 78000, 20200725, 'priyaselvam7@example.com', '+91-9812345676'),
('Gokul Raj', 2, 'Data Scientist', 85000, 20200830, 'gokulraj8@example.com', '+91-9812345677'),
('Karthik Subramani', 3, 'Product Manager', 88000, 20200915, 'karthiksubramani9@example.com', '+91-9812345678'),
('Meena Devi', 4, 'HR Manager', 72000, 20201005, 'meenadevi10@example.com', '+91-9812345679'),
('Anand Kumar', 1, 'Software Engineer', 74000, 20201111, 'anandkumar11@example.com', '+91-9812345680'),
('Deepa Lakshmi', 2, 'Data Analyst', 69000, 20201222, 'deepalakshmi12@example.com', '+91-9812345681'),
('Vijay Kumar', 3, 'Project Manager', 92000, 20210101, 'vijaykumar13@example.com', '+91-9812345682'),
('Sundar Rajan', 1, 'Software Engineer', 76000, 20210115, 'sundarrajan14@example.com', '+91-9812345683'),
('Divya Rani', 4, 'HR Specialist', 62000, 20210210, 'divyarani15@example.com', '+91-9812345684'),
('Rajesh Kumar', 5, 'Accountant', 66000, 20210305, 'rajeshkumar16@example.com', '+91-9812345685'),
('Siva Priya', 1, 'DevOps Engineer', 79000, 20210420, 'sivapriya17@example.com', '+91-9812345686'),
('Bala Murugan', 2, 'Data Scientist', 86000, 20210515, 'balamurugan18@example.com', '+91-9812345687'),
('Ramesh Kumar', 3, 'Product Manager', 89000, 20210630, 'rameshkumar19@example.com', '+91-9812345688'),
('Gayathri Devi', 4, 'HR Manager', 73000, 20210725, 'gayathridevi20@example.com', '+91-9812345689'),
('Hari Krishna', 1, 'Software Engineer', 76000, 20210810, 'harikrishna21@example.com', '+91-9812345690'),
('Malathi Rani', 2, 'Data Analyst', 70000, 20210905, 'malathirani22@example.com', '+91-9812345691'),
('Manoj Kumar', 3, 'Project Manager', 94000, 20211001, 'manojkumar23@example.com', '+91-9812345692'),
('Revathi Nair', 1, 'Software Engineer', 78000, 20211115, 'revathinair24@example.com', '+91-9812345693'),
('Mohan Raj', 4, 'HR Specialist', 64000, 20211210, 'mohanraj25@example.com', '+91-9812345694'),
('Shankar Iyer', 5, 'Accountant', 67000, 20220120, 'shankariyer26@example.com', '+91-9812345695'),
('Uma Mahesh', 1, 'DevOps Engineer', 80000, 20220214, 'umamahesh27@example.com', '+91-9812345696'),
('Kavitha Raj', 2, 'Data Scientist', 87000, 20220330, 'kavitharaj28@example.com', '+91-9812345697'),
('Suresh Kumar', 3, 'Product Manager', 91000, 20220425, 'sureshkumar29@example.com', '+91-9812345698'),
('Renuka Devi', 4, 'HR Manager', 74000, 20220510, 'renukadevi30@example.com', '+91-9812345699'),
('Vijaya Kumari', 1, 'Software Engineer', 78000, 20220620, 'vijayakumari31@example.com', '+91-9812345700'),
('Prakash Raj', 2, 'Data Analyst', 71000, 20220710, 'prakashraj32@example.com', '+91-9812345701'),
('Bharath Kumar', 3, 'Project Manager', 95000, 20220801, 'bharathkumar33@example.com', '+91-9812345702'),
('Vijayalakshmi Nair', 1, 'Software Engineer', 80000, 20220912, 'vijayalakshminair34@example.com', '+91-9812345703'),
('Dinesh Kumar', 4, 'HR Specialist', 66000, 20221005, 'dineshkumar35@example.com', '+91-9812345704'),
('Ragini Rani', 5, 'Accountant', 69000, 20221120, 'raginirani36@example.com', '+91-9812345705'),
('Vivek Sundar', 1, 'DevOps Engineer', 81000, 20221215, 'viveksundar37@example.com', '+91-9812345706'),
('Raghavan Kumar', 3, 'Product Manager', 92000, 20230228, 'raghavankumar39@example.com', '+91-9812345708'),
('Madhavi Devi', 4, 'HR Manager', 76000, 20230315, 'madhavidevi40@example.com', '+91-9812345709'),
('Mohan Kumar', 1, 'Software Engineer', 79000, 20230420, 'mohankumar41@example.com', '+91-9812345710'),
('Seetha Lakshmi', 2, 'Data Analyst', 72000, 20230510, 'seethalakshmi42@example.com', '+91-9812345711'),
('Rajeshwari Devi', 3, 'Project Manager', 96000, 20230605, 'rajeshwaridevi43@example.com', '+91-9812345712'),
('Vasanth Kumar', 1, 'Software Engineer', 81000, 20230701, 'vasanthkumar44@example.com', '+91-9812345713'),
('Meenakshi Rani', 4, 'HR Specialist', 68000, 20230815, 'meenakshirani45@example.com', '+91-9812345714'),
('Karthik Bala', 5, 'Accountant', 71000, 20230910, 'karthikbala46@example.com', '+91-9812345715'),
('Sathish Kumar', 1, 'DevOps Engineer', 82000, 20231005, 'sathishkumar47@example.com', '+91-9812345716'),
('Savitri Devi', 2, 'Data Scientist', 89000, 20231101, 'savitridevi48@example.com', '+91-9812345717'),
('Natarajan Raj', 3, 'Product Manager', 93000, 20231210, 'natarajanraj49@example.com', '+91-9812345718'),
('Kalaivani Devi', 4, 'HR Manager', 78000, 20240115, 'kalaivanidevi50@example.com', '+91-9812345719'),
('Siva Kumar', 1, 'Software Engineer', 82000, 20240210, 'sivakumar51@example.com', '+91-9812345720'),
('John Doe', 1, 'HR Manager', 70000, 20180115, 'johndoe@example.com', '555-123-4567'),
('Jane Smith', 2, 'Financial Analyst', 80000, 20180422, 'janesmith@example.com', '555-234-5678'),
('Michael Brown', 3, 'Marketing Specialist', 65000, 20190930, 'michaelbrown@example.com', '555-345-6789'),
('Emily Johnson', 4, 'IT Support', 72000, 20171015, 'emilyjohnson@example.com', '555-456-7890'),
('Chris Lee', 5, 'R&D Engineer', 95000, 20200320, 'chrislee@example.com', '555-567-8901'),
('Sarah Davis', 6, 'Operations Manager', 83000, 20180712, 'sarahdavis@example.com', '555-678-9012'),
('David Wilson', 7, 'Sales Associate', 60000, 20191210, 'davidwilson@example.com', '555-789-0123'),
('Laura Martinez', 8, 'Legal Counsel', 88000, 20190105, 'lauramartinez@example.com', '555-890-1234'),
('James Taylor', 9, 'Support Specialist', 55000, 20181118, 'jamestaylor@example.com', '555-901-2345'),
('Megan White', 10, 'Software Engineer', 90000, 20200215, 'meganwhite@example.com', '555-012-3456'),
('Paul Harris', 11, 'Procurement Officer', 62000, 20180510, 'paulharris@example.com', '555-123-9876'),
('Lisa Clark', 12, 'Security Analyst', 72000, 20210601, 'lisaclark@example.com', '555-234-0987'),
('Robert Lewis', 13, 'Administrative Assistant', 48000, 20191221, 'robertlewis@example.com', '555-345-1098'),
('Amy Walker', 14, 'Customer Service Rep', 53000, 20200408, 'amywalker@example.com', '555-456-2109'),
('Daniel Hall', 15, 'Supply Chain Analyst', 67000, 20181029, 'danielhall@example.com', '555-567-3210'),
('Jennifer Allen', 16, 'Public Relations Manager', 75000, 20180727, 'jenniferallen@example.com', '555-678-4321'),
('Matthew Young', 17, 'Corporate Strategy Consultant', 92000, 20210110, 'matthewyoung@example.com', '555-789-5432'),
('Michelle King', 18, 'Facilities Supervisor', 61000, 20180525, 'michelleking@example.com', '555-890-6543'),
('Andrew Scott', 19, 'Compliance Officer', 83000, 20180613, 'andrewscott@example.com', '555-901-7654'),
('Rachel Green', 20, 'Content Manager', 72000, 20190302, 'rachelgreen@example.com', '555-012-8765'),
('Jason Baker', 21, 'Innovation Strategist', 86000, 20200720, 'jasonbaker@example.com', '555-123-9876'),
('Stephanie Gonzalez', 22, 'Product Manager', 95000, 20180629, 'stephaniegonzalez@example.com', '555-234-0987'),
('Brian Adams', 23, 'Quality Assurance Lead', 78000, 20200217, 'brianadams@example.com', '555-345-1098'),
('Sophia Nelson', 24, 'Risk Manager', 86000, 20190515, 'sophianelson@example.com', '555-456-2109'),
('Ethan Carter', 25, 'Tax Specialist', 66000, 20210310, 'ethancarter@example.com', '555-567-3210'),
('Olivia Torres', 26, 'Treasury Analyst', 78000, 20181204, 'oliviatorres@example.com', '555-678-4321'),
('Henry Mitchell', 27, 'Talent Acquisition Specialist', 69000, 20190212, 'henrymitchell@example.com', '555-789-5432'),
('Samantha Roberts', 28, 'Legal Advisor', 86000, 20201124, 'samantharoberts@example.com', '555-890-6543'),
('Benjamin Ramirez', 29, 'Government Affairs Manager', 91000, 20191223,'Benjamin@example.com' , '555-678-9876'),
('Arun Kumar', 1, 'Software Engineer', 75000, 20200101, 'arunkumar1@example.com', '+91-9812345670'),
('Lakshmi Narayanan', 2, 'Data Analyst', 68000, 20200215, 'lakshminarayanan2@example.com', '+91-9812345671'),
('Ravi Chandran', 3, 'Project Manager', 90000, 20200310, 'ravichandran3@example.com', '+91-9812345672'),
('Vidhya Rani', 1, 'Software Engineer', 72000, 20200420, 'vidhyarani4@example.com', '+91-9812345673'),
('Murugan Sundar', 4, 'HR Specialist', 60000, 20200505, 'murugansundar5@example.com', '+91-9812345674'),
('Saravanan Bala', 5, 'Accountant', 65000, 20200612, 'saravananbala6@example.com', '+91-9812345675'),
('Priya Selvam', 1, 'DevOps Engineer', 78000, 20200725, 'priyaselvam7@example.com', '+91-9812345676'),
('Gokul Raj', 2, 'Data Scientist', 85000, 20200830, 'gokulraj8@example.com', '+91-9812345677'),
('Karthik Subramani', 3, 'Product Manager', 88000, 20200915, 'karthiksubramani9@example.com', '+91-9812345678'),
('Meena Devi', 4, 'HR Manager', 72000, 20201005, 'meenadevi10@example.com', '+91-9812345679'),
('Anand Kumar', 1, 'Software Engineer', 74000, 20201111, 'anandkumar11@example.com', '+91-9812345680'),
('Deepa Lakshmi', 2, 'Data Analyst', 69000, 20201222, 'deepalakshmi12@example.com', '+91-9812345681'),
('Vijay Kumar', 3, 'Project Manager', 92000, 20210101, 'vijaykumar13@example.com', '+91-9812345682'),
('Sundar Rajan', 1, 'Software Engineer', 76000, 20210115, 'sundarrajan14@example.com', '+91-9812345683'),
('Divya Rani', 4, 'HR Specialist', 62000, 20210210, 'divyarani15@example.com', '+91-9812345684'),
('Rajesh Kumar', 5, 'Accountant', 66000, 20210305, 'rajeshkumar16@example.com', '+91-9812345685'),
('Siva Priya', 1, 'DevOps Engineer', 79000, 20210420, 'sivapriya17@example.com', '+91-9812345686'),
('Bala Murugan', 2, 'Data Scientist', 86000, 20210515, 'balamurugan18@example.com', '+91-9812345687'),
('Ramesh Kumar', 3, 'Product Manager', 89000, 20210630, 'rameshkumar19@example.com', '+91-9812345688'),
('Gayathri Devi', 4, 'HR Manager', 73000, 20210725, 'gayathridevi20@example.com', '+91-9812345689'),
('Hari Krishna', 1, 'Software Engineer', 76000, 20210810, 'harikrishna21@example.com', '+91-9812345690'),
('Malathi Rani', 2, 'Data Analyst', 70000, 20210905, 'malathirani22@example.com', '+91-9812345691'),
('Manoj Kumar', 3, 'Project Manager', 94000, 20211001, 'manojkumar23@example.com', '+91-9812345692'),
('Revathi Nair', 1, 'Software Engineer', 78000, 20211115, 'revathinair24@example.com', '+91-9812345693'),
('Mohan Raj', 4, 'HR Specialist', 64000, 20211210, 'mohanraj25@example.com', '+91-9812345694'),
('Shankar Iyer', 5, 'Accountant', 67000, 20220120, 'shankariyer26@example.com', '+91-9812345695'),
('Uma Mahesh', 1, 'DevOps Engineer', 80000, 20220214, 'umamahesh27@example.com', '+91-9812345696'),
('Kavitha Raj', 2, 'Data Scientist', 87000, 20220330, 'kavitharaj28@example.com', '+91-9812345697'),
('Suresh Kumar', 3, 'Product Manager', 91000, 20220425, 'sureshkumar29@example.com', '+91-9812345698'),
('Renuka Devi', 4, 'HR Manager', 74000, 20220510, 'renukadevi30@example.com', '+91-9812345699'),
('Vijaya Kumari', 1, 'Software Engineer', 78000, 20220620, 'vijayakumari31@example.com', '+91-9812345700'),
('Prakash Raj', 2, 'Data Analyst', 71000, 20220710, 'prakashraj32@example.com', '+91-9812345701'),
('Bharath Kumar', 3, 'Project Manager', 95000, 20220801, 'bharathkumar33@example.com', '+91-9812345702'),
('Vijayalakshmi Nair', 1, 'Software Engineer', 80000, 20220912, 'vijayalakshminair34@example.com', '+91-9812345703'),
('Dinesh Kumar', 4, 'HR Specialist', 66000, 20221005, 'dineshkumar35@example.com', '+91-9812345704'),
('Ragini Rani', 5, 'Accountant', 69000, 20221120, 'raginirani36@example.com', '+91-9812345705'),
('Vivek Sundar', 1, 'DevOps Engineer', 81000, 20221215, 'viveksundar37@example.com', '+91-9812345706'),
('Raghavan Kumar', 3, 'Product Manager', 92000, 20230228, 'raghavankumar39@example.com', '+91-9812345708'),
('Madhavi Devi', 4, 'HR Manager', 76000, 20230315, 'madhavidevi40@example.com', '+91-9812345709'),
('Mohan Kumar', 1, 'Software Engineer', 79000, 20230420, 'mohankumar41@example.com', '+91-9812345710'),
('Seetha Lakshmi', 2, 'Data Analyst', 72000, 20230510, 'seethalakshmi42@example.com', '+91-9812345711'),
('Rajeshwari Devi', 3, 'Project Manager', 96000, 20230605, 'rajeshwaridevi43@example.com', '+91-9812345712'),
('Vasanth Kumar', 1, 'Software Engineer', 81000, 20230701, 'vasanthkumar44@example.com', '+91-9812345713'),
('Meenakshi Rani', 4, 'HR Specialist', 68000, 20230815, 'meenakshirani45@example.com', '+91-9812345714'),
('Karthik Bala', 5, 'Accountant', 71000, 20230910, 'karthikbala46@example.com', '+91-9812345715'),
('Sathish Kumar', 1, 'DevOps Engineer', 82000, 20231005, 'sathishkumar47@example.com', '+91-9812345716'),
('Savitri Devi', 2, 'Data Scientist', 89000, 20231101, 'savitridevi48@example.com', '+91-9812345717'),
('Natarajan Raj', 3, 'Product Manager', 93000, 20231210, 'natarajanraj49@example.com', '+91-9812345718'),
('Kalaivani Devi', 4, 'HR Manager', 78000, 20240115, 'kalaivanidevi50@example.com', '+91-9812345719'),
('Siva Kumar', 1, 'Software Engineer', 82000, 20240210, 'sivakumar51@example.com', '+91-9812345720'),
('John Doe', 1, 'HR Manager', 70000, 20180115, 'johndoe@example.com', '555-123-4567'),
('Jane Smith', 2, 'Financial Analyst', 80000, 20180422, 'janesmith@example.com', '555-234-5678'),
('Michael Brown', 3, 'Marketing Specialist', 65000, 20190930, 'michaelbrown@example.com', '555-345-6789'),
('Emily Johnson', 4, 'IT Support', 72000, 20171015, 'emilyjohnson@example.com', '555-456-7890'),
('Chris Lee', 5, 'R&D Engineer', 95000, 20200320, 'chrislee@example.com', '555-567-8901'),
('Sarah Davis', 6, 'Operations Manager', 83000, 20180712, 'sarahdavis@example.com', '555-678-9012'),
('David Wilson', 7, 'Sales Associate', 60000, 20191210, 'davidwilson@example.com', '555-789-0123'),
('Laura Martinez', 8, 'Legal Counsel', 88000, 20190105, 'lauramartinez@example.com', '555-890-1234'),
('James Taylor', 9, 'Support Specialist', 55000, 20181118, 'jamestaylor@example.com', '555-901-2345'),
('Megan White', 10, 'Software Engineer', 90000, 20200215, 'meganwhite@example.com', '555-012-3456'),
('Paul Harris', 11, 'Procurement Officer', 62000, 20180510, 'paulharris@example.com', '555-123-9876'),
('Lisa Clark', 12, 'Security Analyst', 72000, 20210601, 'lisaclark@example.com', '555-234-0987'),
('Robert Lewis', 13, 'Administrative Assistant', 48000, 20191221, 'robertlewis@example.com', '555-345-1098'),
('Amy Walker', 14, 'Customer Service Rep', 53000, 20200408, 'amywalker@example.com', '555-456-2109'),
('Daniel Hall', 15, 'Supply Chain Analyst', 67000, 20181029, 'danielhall@example.com', '555-567-3210'),
('Jennifer Allen', 16, 'Public Relations Manager', 75000, 20180727, 'jenniferallen@example.com', '555-678-4321'),
('Matthew Young', 17, 'Corporate Strategy Consultant', 92000, 20210110, 'matthewyoung@example.com', '555-789-5432'),
('Michelle King', 18, 'Facilities Supervisor', 61000, 20180525, 'michelleking@example.com', '555-890-6543'),
('Andrew Scott', 19, 'Compliance Officer', 83000, 20180613, 'andrewscott@example.com', '555-901-7654'),
('Rachel Green', 20, 'Content Manager', 72000, 20190302, 'rachelgreen@example.com', '555-012-8765'),
('Jason Baker', 21, 'Innovation Strategist', 86000, 20200720, 'jasonbaker@example.com', '555-123-9876'),
('Stephanie Gonzalez', 22, 'Product Manager', 95000, 20180629, 'stephaniegonzalez@example.com', '555-234-0987'),
('Brian Adams', 23, 'Quality Assurance Lead', 78000, 20200217, 'brianadams@example.com', '555-345-1098'),
('Sophia Nelson', 24, 'Risk Manager', 86000, 20190515, 'sophianelson@example.com', '555-456-2109'),
('Ethan Carter', 25, 'Tax Specialist', 66000, 20210310, 'ethancarter@example.com', '555-567-3210'),
('Olivia Torres', 26, 'Treasury Analyst', 78000, 20181204, 'oliviatorres@example.com', '555-678-4321'),
('Henry Mitchell', 27, 'Talent Acquisition Specialist', 69000, 20190212, 'henrymitchell@example.com', '555-789-5432'),
('Samantha Roberts', 28, 'Legal Advisor', 86000, 20201124, 'samantharoberts@example.com', '555-890-6543'),
('Benjamin Ramirez', 29, 'Government Affairs Manager', 91000, 20191223,'Benjamin@example.com' , '555-678-9876'),
('Arun Kumar', 1, 'Software Engineer', 75000, 20200101, 'arunkumar1@example.com', '+91-9812345670'),
('Lakshmi Narayanan', 2, 'Data Analyst', 68000, 20200215, 'lakshminarayanan2@example.com', '+91-9812345671'),
('Ravi Chandran', 3, 'Project Manager', 90000, 20200310, 'ravichandran3@example.com', '+91-9812345672'),
('Vidhya Rani', 1, 'Software Engineer', 72000, 20200420, 'vidhyarani4@example.com', '+91-9812345673'),
('Murugan Sundar', 4, 'HR Specialist', 60000, 20200505, 'murugansundar5@example.com', '+91-9812345674'),
('Saravanan Bala', 5, 'Accountant', 65000, 20200612, 'saravananbala6@example.com', '+91-9812345675'),
('Priya Selvam', 1, 'DevOps Engineer', 78000, 20200725, 'priyaselvam7@example.com', '+91-9812345676'),
('Gokul Raj', 2, 'Data Scientist', 85000, 20200830, 'gokulraj8@example.com', '+91-9812345677'),
('Karthik Subramani', 3, 'Product Manager', 88000, 20200915, 'karthiksubramani9@example.com', '+91-9812345678'),
('Meena Devi', 4, 'HR Manager', 72000, 20201005, 'meenadevi10@example.com', '+91-9812345679'),
('Anand Kumar', 1, 'Software Engineer', 74000, 20201111, 'anandkumar11@example.com', '+91-9812345680'),
('Deepa Lakshmi', 2, 'Data Analyst', 69000, 20201222, 'deepalakshmi12@example.com', '+91-9812345681'),
('Vijay Kumar', 3, 'Project Manager', 92000, 20210101, 'vijaykumar13@example.com', '+91-9812345682'),
('Sundar Rajan', 1, 'Software Engineer', 76000, 20210115, 'sundarrajan14@example.com', '+91-9812345683'),
('Divya Rani', 4, 'HR Specialist', 62000, 20210210, 'divyarani15@example.com', '+91-9812345684'),
('Rajesh Kumar', 5, 'Accountant', 66000, 20210305, 'rajeshkumar16@example.com', '+91-9812345685'),
('Siva Priya', 1, 'DevOps Engineer', 79000, 20210420, 'sivapriya17@example.com', '+91-9812345686'),
('Bala Murugan', 2, 'Data Scientist', 86000, 20210515, 'balamurugan18@example.com', '+91-9812345687'),
('Ramesh Kumar', 3, 'Product Manager', 89000, 20210630, 'rameshkumar19@example.com', '+91-9812345688'),
('Gayathri Devi', 4, 'HR Manager', 73000, 20210725, 'gayathridevi20@example.com', '+91-9812345689'),
('Hari Krishna', 1, 'Software Engineer', 76000, 20210810, 'harikrishna21@example.com', '+91-9812345690'),
('Malathi Rani', 2, 'Data Analyst', 70000, 20210905, 'malathirani22@example.com', '+91-9812345691'),
('Manoj Kumar', 3, 'Project Manager', 94000, 20211001, 'manojkumar23@example.com', '+91-9812345692'),
('Revathi Nair', 1, 'Software Engineer', 78000, 20211115, 'revathinair24@example.com', '+91-9812345693'),
('Mohan Raj', 4, 'HR Specialist', 64000, 20211210, 'mohanraj25@example.com', '+91-9812345694'),
('Shankar Iyer', 5, 'Accountant', 67000, 20220120, 'shankariyer26@example.com', '+91-9812345695'),
('Uma Mahesh', 1, 'DevOps Engineer', 80000, 20220214, 'umamahesh27@example.com', '+91-9812345696'),
('Kavitha Raj', 2, 'Data Scientist', 87000, 20220330, 'kavitharaj28@example.com', '+91-9812345697'),
('Suresh Kumar', 3, 'Product Manager', 91000, 20220425, 'sureshkumar29@example.com', '+91-9812345698'),
('Renuka Devi', 4, 'HR Manager', 74000, 20220510, 'renukadevi30@example.com', '+91-9812345699'),
('Vijaya Kumari', 1, 'Software Engineer', 78000, 20220620, 'vijayakumari31@example.com', '+91-9812345700'),
('Prakash Raj', 2, 'Data Analyst', 71000, 20220710, 'prakashraj32@example.com', '+91-9812345701'),
('Bharath Kumar', 3, 'Project Manager', 95000, 20220801, 'bharathkumar33@example.com', '+91-9812345702'),
('Vijayalakshmi Nair', 1, 'Software Engineer', 80000, 20220912, 'vijayalakshminair34@example.com', '+91-9812345703'),
('Dinesh Kumar', 4, 'HR Specialist', 66000, 20221005, 'dineshkumar35@example.com', '+91-9812345704'),
('Ragini Rani', 5, 'Accountant', 69000, 20221120, 'raginirani36@example.com', '+91-9812345705'),
('Vivek Sundar', 1, 'DevOps Engineer', 81000, 20221215, 'viveksundar37@example.com', '+91-9812345706'),
('Raghavan Kumar', 3, 'Product Manager', 92000, 20230228, 'raghavankumar39@example.com', '+91-9812345708'),
('Madhavi Devi', 4, 'HR Manager', 76000, 20230315, 'madhavidevi40@example.com', '+91-9812345709'),
('Mohan Kumar', 1, 'Software Engineer', 79000, 20230420, 'mohankumar41@example.com', '+91-9812345710'),
('Seetha Lakshmi', 2, 'Data Analyst', 72000, 20230510, 'seethalakshmi42@example.com', '+91-9812345711'),
('Rajeshwari Devi', 3, 'Project Manager', 96000, 20230605, 'rajeshwaridevi43@example.com', '+91-9812345712'),
('Vasanth Kumar', 1, 'Software Engineer', 81000, 20230701, 'vasanthkumar44@example.com', '+91-9812345713'),
('Meenakshi Rani', 4, 'HR Specialist', 68000, 20230815, 'meenakshirani45@example.com', '+91-9812345714'),
('Karthik Bala', 5, 'Accountant', 71000, 20230910, 'karthikbala46@example.com', '+91-9812345715'),
('Sathish Kumar', 1, 'DevOps Engineer', 82000, 20231005, 'sathishkumar47@example.com', '+91-9812345716'),
('Savitri Devi', 2, 'Data Scientist', 89000, 20231101, 'savitridevi48@example.com', '+91-9812345717'),
('Natarajan Raj', 3, 'Product Manager', 93000, 20231210, 'natarajanraj49@example.com', '+91-9812345718'),
('Kalaivani Devi', 4, 'HR Manager', 78000, 20240115, 'kalaivanidevi50@example.com', '+91-9812345719'),
('Siva Kumar', 1, 'Software Engineer', 82000, 20240210, 'sivakumar51@example.com', '+91-9812345720'),
('John Doe', 1, 'HR Manager', 70000, 20180115, 'johndoe@example.com', '555-123-4567'),
('Jane Smith', 2, 'Financial Analyst', 80000, 20180422, 'janesmith@example.com', '555-234-5678'),
('Michael Brown', 3, 'Marketing Specialist', 65000, 20190930, 'michaelbrown@example.com', '555-345-6789'),
('Emily Johnson', 4, 'IT Support', 72000, 20171015, 'emilyjohnson@example.com', '555-456-7890'),
('Chris Lee', 5, 'R&D Engineer', 95000, 20200320, 'chrislee@example.com', '555-567-8901'),
('Sarah Davis', 6, 'Operations Manager', 83000, 20180712, 'sarahdavis@example.com', '555-678-9012'),
('David Wilson', 7, 'Sales Associate', 60000, 20191210, 'davidwilson@example.com', '555-789-0123'),
('Laura Martinez', 8, 'Legal Counsel', 88000, 20190105, 'lauramartinez@example.com', '555-890-1234'),
('James Taylor', 9, 'Support Specialist', 55000, 20181118, 'jamestaylor@example.com', '555-901-2345'),
('Megan White', 10, 'Software Engineer', 90000, 20200215, 'meganwhite@example.com', '555-012-3456'),
('Paul Harris', 11, 'Procurement Officer', 62000, 20180510, 'paulharris@example.com', '555-123-9876'),
('Lisa Clark', 12, 'Security Analyst', 72000, 20210601, 'lisaclark@example.com', '555-234-0987'),
('Robert Lewis', 13, 'Administrative Assistant', 48000, 20191221, 'robertlewis@example.com', '555-345-1098'),
('Amy Walker', 14, 'Customer Service Rep', 53000, 20200408, 'amywalker@example.com', '555-456-2109'),
('Daniel Hall', 15, 'Supply Chain Analyst', 67000, 20181029, 'danielhall@example.com', '555-567-3210'),
('Jennifer Allen', 16, 'Public Relations Manager', 75000, 20180727, 'jenniferallen@example.com', '555-678-4321'),
('Matthew Young', 17, 'Corporate Strategy Consultant', 92000, 20210110, 'matthewyoung@example.com', '555-789-5432'),
('Michelle King', 18, 'Facilities Supervisor', 61000, 20180525, 'michelleking@example.com', '555-890-6543'),
('Andrew Scott', 19, 'Compliance Officer', 83000, 20180613, 'andrewscott@example.com', '555-901-7654'),
('Rachel Green', 20, 'Content Manager', 72000, 20190302, 'rachelgreen@example.com', '555-012-8765'),
('Jason Baker', 21, 'Innovation Strategist', 86000, 20200720, 'jasonbaker@example.com', '555-123-9876'),
('Stephanie Gonzalez', 22, 'Product Manager', 95000, 20180629, 'stephaniegonzalez@example.com', '555-234-0987'),
('Brian Adams', 23, 'Quality Assurance Lead', 78000, 20200217, 'brianadams@example.com', '555-345-1098'),
('Sophia Nelson', 24, 'Risk Manager', 86000, 20190515, 'sophianelson@example.com', '555-456-2109'),
('Ethan Carter', 25, 'Tax Specialist', 66000, 20210310, 'ethancarter@example.com', '555-567-3210'),
('Olivia Torres', 26, 'Treasury Analyst', 78000, 20181204, 'oliviatorres@example.com', '555-678-4321'),
('Henry Mitchell', 27, 'Talent Acquisition Specialist', 69000, 20190212, 'henrymitchell@example.com', '555-789-5432'),
('Samantha Roberts', 28, 'Legal Advisor', 86000, 20201124, 'samantharoberts@example.com', '555-890-6543'),
('Benjamin Ramirez', 29, 'Government Affairs Manager', 91000, 20191223,'Benjamin@example.com' , '555-678-9876'),
('Arun Kumar', 1, 'Software Engineer', 75000, 20200101, 'arunkumar1@example.com', '+91-9812345670'),
('Lakshmi Narayanan', 2, 'Data Analyst', 68000, 20200215, 'lakshminarayanan2@example.com', '+91-9812345671'),
('Ravi Chandran', 3, 'Project Manager', 90000, 20200310, 'ravichandran3@example.com', '+91-9812345672'),
('Vidhya Rani', 1, 'Software Engineer', 72000, 20200420, 'vidhyarani4@example.com', '+91-9812345673'),
('Murugan Sundar', 4, 'HR Specialist', 60000, 20200505, 'murugansundar5@example.com', '+91-9812345674'),
('Saravanan Bala', 5, 'Accountant', 65000, 20200612, 'saravananbala6@example.com', '+91-9812345675'),
('Priya Selvam', 1, 'DevOps Engineer', 78000, 20200725, 'priyaselvam7@example.com', '+91-9812345676'),
('Gokul Raj', 2, 'Data Scientist', 85000, 20200830, 'gokulraj8@example.com', '+91-9812345677'),
('Karthik Subramani', 3, 'Product Manager', 88000, 20200915, 'karthiksubramani9@example.com', '+91-9812345678'),
('Meena Devi', 4, 'HR Manager', 72000, 20201005, 'meenadevi10@example.com', '+91-9812345679'),
('Anand Kumar', 1, 'Software Engineer', 74000, 20201111, 'anandkumar11@example.com', '+91-9812345680'),
('Deepa Lakshmi', 2, 'Data Analyst', 69000, 20201222, 'deepalakshmi12@example.com', '+91-9812345681'),
('Vijay Kumar', 3, 'Project Manager', 92000, 20210101, 'vijaykumar13@example.com', '+91-9812345682'),
('Sundar Rajan', 1, 'Software Engineer', 76000, 20210115, 'sundarrajan14@example.com', '+91-9812345683'),
('Divya Rani', 4, 'HR Specialist', 62000, 20210210, 'divyarani15@example.com', '+91-9812345684'),
('Rajesh Kumar', 5, 'Accountant', 66000, 20210305, 'rajeshkumar16@example.com', '+91-9812345685'),
('Siva Priya', 1, 'DevOps Engineer', 79000, 20210420, 'sivapriya17@example.com', '+91-9812345686'),
('Bala Murugan', 2, 'Data Scientist', 86000, 20210515, 'balamurugan18@example.com', '+91-9812345687'),
('Ramesh Kumar', 3, 'Product Manager', 89000, 20210630, 'rameshkumar19@example.com', '+91-9812345688'),
('Gayathri Devi', 4, 'HR Manager', 73000, 20210725, 'gayathridevi20@example.com', '+91-9812345689'),
('Hari Krishna', 1, 'Software Engineer', 76000, 20210810, 'harikrishna21@example.com', '+91-9812345690'),
('Malathi Rani', 2, 'Data Analyst', 70000, 20210905, 'malathirani22@example.com', '+91-9812345691'),
('Manoj Kumar', 3, 'Project Manager', 94000, 20211001, 'manojkumar23@example.com', '+91-9812345692'),
('Revathi Nair', 1, 'Software Engineer', 78000, 20211115, 'revathinair24@example.com', '+91-9812345693'),
('Mohan Raj', 4, 'HR Specialist', 64000, 20211210, 'mohanraj25@example.com', '+91-9812345694'),
('Shankar Iyer', 5, 'Accountant', 67000, 20220120, 'shankariyer26@example.com', '+91-9812345695'),
('Uma Mahesh', 1, 'DevOps Engineer', 80000, 20220214, 'umamahesh27@example.com', '+91-9812345696'),
('Kavitha Raj', 2, 'Data Scientist', 87000, 20220330, 'kavitharaj28@example.com', '+91-9812345697'),
('Suresh Kumar', 3, 'Product Manager', 91000, 20220425, 'sureshkumar29@example.com', '+91-9812345698'),
('Renuka Devi', 4, 'HR Manager', 74000, 20220510, 'renukadevi30@example.com', '+91-9812345699'),
('Vijaya Kumari', 1, 'Software Engineer', 78000, 20220620, 'vijayakumari31@example.com', '+91-9812345700'),
('Prakash Raj', 2, 'Data Analyst', 71000, 20220710, 'prakashraj32@example.com', '+91-9812345701'),
('Bharath Kumar', 3, 'Project Manager', 95000, 20220801, 'bharathkumar33@example.com', '+91-9812345702'),
('Vijayalakshmi Nair', 1, 'Software Engineer', 80000, 20220912, 'vijayalakshminair34@example.com', '+91-9812345703'),
('Dinesh Kumar', 4, 'HR Specialist', 66000, 20221005, 'dineshkumar35@example.com', '+91-9812345704'),
('Ragini Rani', 5, 'Accountant', 69000, 20221120, 'raginirani36@example.com', '+91-9812345705'),
('Vivek Sundar', 1, 'DevOps Engineer', 81000, 20221215, 'viveksundar37@example.com', '+91-9812345706'),
('Raghavan Kumar', 3, 'Product Manager', 92000, 20230228, 'raghavankumar39@example.com', '+91-9812345708'),
('Madhavi Devi', 4, 'HR Manager', 76000, 20230315, 'madhavidevi40@example.com', '+91-9812345709'),
('Mohan Kumar', 1, 'Software Engineer', 79000, 20230420, 'mohankumar41@example.com', '+91-9812345710'),
('Seetha Lakshmi', 2, 'Data Analyst', 72000, 20230510, 'seethalakshmi42@example.com', '+91-9812345711'),
('Rajeshwari Devi', 3, 'Project Manager', 96000, 20230605, 'rajeshwaridevi43@example.com', '+91-9812345712'),
('Vasanth Kumar', 1, 'Software Engineer', 81000, 20230701, 'vasanthkumar44@example.com', '+91-9812345713'),
('Meenakshi Rani', 4, 'HR Specialist', 68000, 20230815, 'meenakshirani45@example.com', '+91-9812345714'),
('Karthik Bala', 5, 'Accountant', 71000, 20230910, 'karthikbala46@example.com', '+91-9812345715'),
('Sathish Kumar', 1, 'DevOps Engineer', 82000, 20231005, 'sathishkumar47@example.com', '+91-9812345716'),
('Savitri Devi', 2, 'Data Scientist', 89000, 20231101, 'savitridevi48@example.com', '+91-9812345717'),
('Natarajan Raj', 3, 'Product Manager', 93000, 20231210, 'natarajanraj49@example.com', '+91-9812345718'),
('Kalaivani Devi', 4, 'HR Manager', 78000, 20240115, 'kalaivanidevi50@example.com', '+91-9812345719'),
('Siva Kumar', 1, 'Software Engineer', 82000, 20240210, 'sivakumar51@example.com', '+91-9812345720'),
('John Doe', 1, 'HR Manager', 70000, 20180115, 'johndoe@example.com', '555-123-4567'),
('Jane Smith', 2, 'Financial Analyst', 80000, 20180422, 'janesmith@example.com', '555-234-5678'),
('Michael Brown', 3, 'Marketing Specialist', 65000, 20190930, 'michaelbrown@example.com', '555-345-6789'),
('Emily Johnson', 4, 'IT Support', 72000, 20171015, 'emilyjohnson@example.com', '555-456-7890'),
('Chris Lee', 5, 'R&D Engineer', 95000, 20200320, 'chrislee@example.com', '555-567-8901'),
('Sarah Davis', 6, 'Operations Manager', 83000, 20180712, 'sarahdavis@example.com', '555-678-9012'),
('David Wilson', 7, 'Sales Associate', 60000, 20191210, 'davidwilson@example.com', '555-789-0123'),
('Laura Martinez', 8, 'Legal Counsel', 88000, 20190105, 'lauramartinez@example.com', '555-890-1234'),
('James Taylor', 9, 'Support Specialist', 55000, 20181118, 'jamestaylor@example.com', '555-901-2345'),
('Megan White', 10, 'Software Engineer', 90000, 20200215, 'meganwhite@example.com', '555-012-3456'),
('Paul Harris', 11, 'Procurement Officer', 62000, 20180510, 'paulharris@example.com', '555-123-9876'),
('Lisa Clark', 12, 'Security Analyst', 72000, 20210601, 'lisaclark@example.com', '555-234-0987'),
('Robert Lewis', 13, 'Administrative Assistant', 48000, 20191221, 'robertlewis@example.com', '555-345-1098'),
('Amy Walker', 14, 'Customer Service Rep', 53000, 20200408, 'amywalker@example.com', '555-456-2109'),
('Daniel Hall', 15, 'Supply Chain Analyst', 67000, 20181029, 'danielhall@example.com', '555-567-3210'),
('Jennifer Allen', 16, 'Public Relations Manager', 75000, 20180727, 'jenniferallen@example.com', '555-678-4321'),
('Matthew Young', 17, 'Corporate Strategy Consultant', 92000, 20210110, 'matthewyoung@example.com', '555-789-5432'),
('Michelle King', 18, 'Facilities Supervisor', 61000, 20180525, 'michelleking@example.com', '555-890-6543'),
('Andrew Scott', 19, 'Compliance Officer', 83000, 20180613, 'andrewscott@example.com', '555-901-7654'),
('Rachel Green', 20, 'Content Manager', 72000, 20190302, 'rachelgreen@example.com', '555-012-8765'),
('Jason Baker', 21, 'Innovation Strategist', 86000, 20200720, 'jasonbaker@example.com', '555-123-9876'),
('Stephanie Gonzalez', 22, 'Product Manager', 95000, 20180629, 'stephaniegonzalez@example.com', '555-234-0987'),
('Brian Adams', 23, 'Quality Assurance Lead', 78000, 20200217, 'brianadams@example.com', '555-345-1098'),
('Sophia Nelson', 24, 'Risk Manager', 86000, 20190515, 'sophianelson@example.com', '555-456-2109'),
('Ethan Carter', 25, 'Tax Specialist', 66000, 20210310, 'ethancarter@example.com', '555-567-3210'),
('Olivia Torres', 26, 'Treasury Analyst', 78000, 20181204, 'oliviatorres@example.com', '555-678-4321'),
('Henry Mitchell', 27, 'Talent Acquisition Specialist', 69000, 20190212, 'henrymitchell@example.com', '555-789-5432'),
('Samantha Roberts', 28, 'Legal Advisor', 86000, 20201124, 'samantharoberts@example.com', '555-890-6543'),
('Benjamin Ramirez', 29, 'Government Affairs Manager', 91000, 20191223,'Benjamin@example.com' , '555-678-9876'),
('Arun Kumar', 1, 'Software Engineer', 75000, 20200101, 'arunkumar1@example.com', '+91-9812345670'),
('Lakshmi Narayanan', 2, 'Data Analyst', 68000, 20200215, 'lakshminarayanan2@example.com', '+91-9812345671'),
('Ravi Chandran', 3, 'Project Manager', 90000, 20200310, 'ravichandran3@example.com', '+91-9812345672'),
('Vidhya Rani', 1, 'Software Engineer', 72000, 20200420, 'vidhyarani4@example.com', '+91-9812345673'),
('Murugan Sundar', 4, 'HR Specialist', 60000, 20200505, 'murugansundar5@example.com', '+91-9812345674'),
('Saravanan Bala', 5, 'Accountant', 65000, 20200612, 'saravananbala6@example.com', '+91-9812345675'),
('Priya Selvam', 1, 'DevOps Engineer', 78000, 20200725, 'priyaselvam7@example.com', '+91-9812345676'),
('Gokul Raj', 2, 'Data Scientist', 85000, 20200830, 'gokulraj8@example.com', '+91-9812345677'),
('Karthik Subramani', 3, 'Product Manager', 88000, 20200915, 'karthiksubramani9@example.com', '+91-9812345678'),
('Meena Devi', 4, 'HR Manager', 72000, 20201005, 'meenadevi10@example.com', '+91-9812345679'),
('Anand Kumar', 1, 'Software Engineer', 74000, 20201111, 'anandkumar11@example.com', '+91-9812345680'),
('Deepa Lakshmi', 2, 'Data Analyst', 69000, 20201222, 'deepalakshmi12@example.com', '+91-9812345681'),
('Vijay Kumar', 3, 'Project Manager', 92000, 20210101, 'vijaykumar13@example.com', '+91-9812345682'),
('Sundar Rajan', 1, 'Software Engineer', 76000, 20210115, 'sundarrajan14@example.com', '+91-9812345683'),
('Divya Rani', 4, 'HR Specialist', 62000, 20210210, 'divyarani15@example.com', '+91-9812345684'),
('Rajesh Kumar', 5, 'Accountant', 66000, 20210305, 'rajeshkumar16@example.com', '+91-9812345685'),
('Siva Priya', 1, 'DevOps Engineer', 79000, 20210420, 'sivapriya17@example.com', '+91-9812345686'),
('Bala Murugan', 2, 'Data Scientist', 86000, 20210515, 'balamurugan18@example.com', '+91-9812345687'),
('Ramesh Kumar', 3, 'Product Manager', 89000, 20210630, 'rameshkumar19@example.com', '+91-9812345688'),
('Gayathri Devi', 4, 'HR Manager', 73000, 20210725, 'gayathridevi20@example.com', '+91-9812345689'),
('Hari Krishna', 1, 'Software Engineer', 76000, 20210810, 'harikrishna21@example.com', '+91-9812345690'),
('Malathi Rani', 2, 'Data Analyst', 70000, 20210905, 'malathirani22@example.com', '+91-9812345691'),
('Manoj Kumar', 3, 'Project Manager', 94000, 20211001, 'manojkumar23@example.com', '+91-9812345692'),
('Revathi Nair', 1, 'Software Engineer', 78000, 20211115, 'revathinair24@example.com', '+91-9812345693'),
('Mohan Raj', 4, 'HR Specialist', 64000, 20211210, 'mohanraj25@example.com', '+91-9812345694'),
('Shankar Iyer', 5, 'Accountant', 67000, 20220120, 'shankariyer26@example.com', '+91-9812345695'),
('Uma Mahesh', 1, 'DevOps Engineer', 80000, 20220214, 'umamahesh27@example.com', '+91-9812345696'),
('Kavitha Raj', 2, 'Data Scientist', 87000, 20220330, 'kavitharaj28@example.com', '+91-9812345697'),
('Suresh Kumar', 3, 'Product Manager', 91000, 20220425, 'sureshkumar29@example.com', '+91-9812345698'),
('Renuka Devi', 4, 'HR Manager', 74000, 20220510, 'renukadevi30@example.com', '+91-9812345699'),
('Vijaya Kumari', 1, 'Software Engineer', 78000, 20220620, 'vijayakumari31@example.com', '+91-9812345700'),
('Prakash Raj', 2, 'Data Analyst', 71000, 20220710, 'prakashraj32@example.com', '+91-9812345701'),
('Bharath Kumar', 3, 'Project Manager', 95000, 20220801, 'bharathkumar33@example.com', '+91-9812345702'),
('Vijayalakshmi Nair', 1, 'Software Engineer', 80000, 20220912, 'vijayalakshminair34@example.com', '+91-9812345703'),
('Dinesh Kumar', 4, 'HR Specialist', 66000, 20221005, 'dineshkumar35@example.com', '+91-9812345704'),
('Ragini Rani', 5, 'Accountant', 69000, 20221120, 'raginirani36@example.com', '+91-9812345705'),
('Vivek Sundar', 1, 'DevOps Engineer', 81000, 20221215, 'viveksundar37@example.com', '+91-9812345706'),
('Raghavan Kumar', 3, 'Product Manager', 92000, 20230228, 'raghavankumar39@example.com', '+91-9812345708'),
('Madhavi Devi', 4, 'HR Manager', 76000, 20230315, 'madhavidevi40@example.com', '+91-9812345709'),
('Mohan Kumar', 1, 'Software Engineer', 79000, 20230420, 'mohankumar41@example.com', '+91-9812345710'),
('Seetha Lakshmi', 2, 'Data Analyst', 72000, 20230510, 'seethalakshmi42@example.com', '+91-9812345711'),
('Rajeshwari Devi', 3, 'Project Manager', 96000, 20230605, 'rajeshwaridevi43@example.com', '+91-9812345712'),
('Vasanth Kumar', 1, 'Software Engineer', 81000, 20230701, 'vasanthkumar44@example.com', '+91-9812345713'),
('Meenakshi Rani', 4, 'HR Specialist', 68000, 20230815, 'meenakshirani45@example.com', '+91-9812345714'),
('Karthik Bala', 5, 'Accountant', 71000, 20230910, 'karthikbala46@example.com', '+91-9812345715'),
('Sathish Kumar', 1, 'DevOps Engineer', 82000, 20231005, 'sathishkumar47@example.com', '+91-9812345716'),
('Savitri Devi', 2, 'Data Scientist', 89000, 20231101, 'savitridevi48@example.com', '+91-9812345717'),
('Natarajan Raj', 3, 'Product Manager', 93000, 20231210, 'natarajanraj49@example.com', '+91-9812345718'),
('Kalaivani Devi', 4, 'HR Manager', 78000, 20240115, 'kalaivanidevi50@example.com', '+91-9812345719'),
('Siva Kumar', 1, 'Software Engineer', 82000, 20240210, 'sivakumar51@example.com', '+91-9812345720'),
('John Doe', 1, 'HR Manager', 70000, 20180115, 'johndoe@example.com', '555-123-4567'),
('Jane Smith', 2, 'Financial Analyst', 80000, 20180422, 'janesmith@example.com', '555-234-5678'),
('Michael Brown', 3, 'Marketing Specialist', 65000, 20190930, 'michaelbrown@example.com', '555-345-6789'),
('Emily Johnson', 4, 'IT Support', 72000, 20171015, 'emilyjohnson@example.com', '555-456-7890'),
('Chris Lee', 5, 'R&D Engineer', 95000, 20200320, 'chrislee@example.com', '555-567-8901'),
('Sarah Davis', 6, 'Operations Manager', 83000, 20180712, 'sarahdavis@example.com', '555-678-9012'),
('David Wilson', 7, 'Sales Associate', 60000, 20191210, 'davidwilson@example.com', '555-789-0123'),
('Laura Martinez', 8, 'Legal Counsel', 88000, 20190105, 'lauramartinez@example.com', '555-890-1234'),
('James Taylor', 9, 'Support Specialist', 55000, 20181118, 'jamestaylor@example.com', '555-901-2345'),
('Megan White', 10, 'Software Engineer', 90000, 20200215, 'meganwhite@example.com', '555-012-3456'),
('Paul Harris', 11, 'Procurement Officer', 62000, 20180510, 'paulharris@example.com', '555-123-9876'),
('Lisa Clark', 12, 'Security Analyst', 72000, 20210601, 'lisaclark@example.com', '555-234-0987'),
('Robert Lewis', 13, 'Administrative Assistant', 48000, 20191221, 'robertlewis@example.com', '555-345-1098'),
('Amy Walker', 14, 'Customer Service Rep', 53000, 20200408, 'amywalker@example.com', '555-456-2109'),
('Daniel Hall', 15, 'Supply Chain Analyst', 67000, 20181029, 'danielhall@example.com', '555-567-3210'),
('Jennifer Allen', 16, 'Public Relations Manager', 75000, 20180727, 'jenniferallen@example.com', '555-678-4321'),
('Matthew Young', 17, 'Corporate Strategy Consultant', 92000, 20210110, 'matthewyoung@example.com', '555-789-5432'),
('Michelle King', 18, 'Facilities Supervisor', 61000, 20180525, 'michelleking@example.com', '555-890-6543'),
('Andrew Scott', 19, 'Compliance Officer', 83000, 20180613, 'andrewscott@example.com', '555-901-7654'),
('Rachel Green', 20, 'Content Manager', 72000, 20190302, 'rachelgreen@example.com', '555-012-8765'),
('Jason Baker', 21, 'Innovation Strategist', 86000, 20200720, 'jasonbaker@example.com', '555-123-9876'),
('Stephanie Gonzalez', 22, 'Product Manager', 95000, 20180629, 'stephaniegonzalez@example.com', '555-234-0987'),
('Brian Adams', 23, 'Quality Assurance Lead', 78000, 20200217, 'brianadams@example.com', '555-345-1098'),
('Sophia Nelson', 24, 'Risk Manager', 86000, 20190515, 'sophianelson@example.com', '555-456-2109'),
('Ethan Carter', 25, 'Tax Specialist', 66000, 20210310, 'ethancarter@example.com', '555-567-3210'),
('Olivia Torres', 26, 'Treasury Analyst', 78000, 20181204, 'oliviatorres@example.com', '555-678-4321'),
('Henry Mitchell', 27, 'Talent Acquisition Specialist', 69000, 20190212, 'henrymitchell@example.com', '555-789-5432'),
('Samantha Roberts', 28, 'Legal Advisor', 86000, 20201124, 'samantharoberts@example.com', '555-890-6543'),
('Benjamin Ramirez', 29, 'Government Affairs Manager', 91000, 20191223,'Benjamin@example.com' , '555-678-9876'),
('Arun Kumar', 1, 'Software Engineer', 75000, 20200101, 'arunkumar1@example.com', '+91-9812345670'),
('Lakshmi Narayanan', 2, 'Data Analyst', 68000, 20200215, 'lakshminarayanan2@example.com', '+91-9812345671'),
('Ravi Chandran', 3, 'Project Manager', 90000, 20200310, 'ravichandran3@example.com', '+91-9812345672'),
('Vidhya Rani', 1, 'Software Engineer', 72000, 20200420, 'vidhyarani4@example.com', '+91-9812345673'),
('Murugan Sundar', 4, 'HR Specialist', 60000, 20200505, 'murugansundar5@example.com', '+91-9812345674'),
('Saravanan Bala', 5, 'Accountant', 65000, 20200612, 'saravananbala6@example.com', '+91-9812345675'),
('Priya Selvam', 1, 'DevOps Engineer', 78000, 20200725, 'priyaselvam7@example.com', '+91-9812345676'),
('Gokul Raj', 2, 'Data Scientist', 85000, 20200830, 'gokulraj8@example.com', '+91-9812345677'),
('Karthik Subramani', 3, 'Product Manager', 88000, 20200915, 'karthiksubramani9@example.com', '+91-9812345678'),
('Meena Devi', 4, 'HR Manager', 72000, 20201005, 'meenadevi10@example.com', '+91-9812345679'),
('Anand Kumar', 1, 'Software Engineer', 74000, 20201111, 'anandkumar11@example.com', '+91-9812345680'),
('Deepa Lakshmi', 2, 'Data Analyst', 69000, 20201222, 'deepalakshmi12@example.com', '+91-9812345681'),
('Vijay Kumar', 3, 'Project Manager', 92000, 20210101, 'vijaykumar13@example.com', '+91-9812345682'),
('Sundar Rajan', 1, 'Software Engineer', 76000, 20210115, 'sundarrajan14@example.com', '+91-9812345683'),
('Divya Rani', 4, 'HR Specialist', 62000, 20210210, 'divyarani15@example.com', '+91-9812345684'),
('Rajesh Kumar', 5, 'Accountant', 66000, 20210305, 'rajeshkumar16@example.com', '+91-9812345685'),
('Siva Priya', 1, 'DevOps Engineer', 79000, 20210420, 'sivapriya17@example.com', '+91-9812345686'),
('Bala Murugan', 2, 'Data Scientist', 86000, 20210515, 'balamurugan18@example.com', '+91-9812345687'),
('Ramesh Kumar', 3, 'Product Manager', 89000, 20210630, 'rameshkumar19@example.com', '+91-9812345688'),
('Gayathri Devi', 4, 'HR Manager', 73000, 20210725, 'gayathridevi20@example.com', '+91-9812345689'),
('Hari Krishna', 1, 'Software Engineer', 76000, 20210810, 'harikrishna21@example.com', '+91-9812345690'),
('Malathi Rani', 2, 'Data Analyst', 70000, 20210905, 'malathirani22@example.com', '+91-9812345691'),
('Manoj Kumar', 3, 'Project Manager', 94000, 20211001, 'manojkumar23@example.com', '+91-9812345692'),
('Revathi Nair', 1, 'Software Engineer', 78000, 20211115, 'revathinair24@example.com', '+91-9812345693'),
('Mohan Raj', 4, 'HR Specialist', 64000, 20211210, 'mohanraj25@example.com', '+91-9812345694'),
('Shankar Iyer', 5, 'Accountant', 67000, 20220120, 'shankariyer26@example.com', '+91-9812345695'),
('Uma Mahesh', 1, 'DevOps Engineer', 80000, 20220214, 'umamahesh27@example.com', '+91-9812345696'),
('Kavitha Raj', 2, 'Data Scientist', 87000, 20220330, 'kavitharaj28@example.com', '+91-9812345697'),
('Suresh Kumar', 3, 'Product Manager', 91000, 20220425, 'sureshkumar29@example.com', '+91-9812345698'),
('Renuka Devi', 4, 'HR Manager', 74000, 20220510, 'renukadevi30@example.com', '+91-9812345699'),
('Vijaya Kumari', 1, 'Software Engineer', 78000, 20220620, 'vijayakumari31@example.com', '+91-9812345700'),
('Prakash Raj', 2, 'Data Analyst', 71000, 20220710, 'prakashraj32@example.com', '+91-9812345701'),
('Bharath Kumar', 3, 'Project Manager', 95000, 20220801, 'bharathkumar33@example.com', '+91-9812345702'),
('Vijayalakshmi Nair', 1, 'Software Engineer', 80000, 20220912, 'vijayalakshminair34@example.com', '+91-9812345703'),
('Dinesh Kumar', 4, 'HR Specialist', 66000, 20221005, 'dineshkumar35@example.com', '+91-9812345704'),
('Ragini Rani', 5, 'Accountant', 69000, 20221120, 'raginirani36@example.com', '+91-9812345705'),
('Vivek Sundar', 1, 'DevOps Engineer', 81000, 20221215, 'viveksundar37@example.com', '+91-9812345706'),
('Raghavan Kumar', 3, 'Product Manager', 92000, 20230228, 'raghavankumar39@example.com', '+91-9812345708'),
('Madhavi Devi', 4, 'HR Manager', 76000, 20230315, 'madhavidevi40@example.com', '+91-9812345709'),
('Mohan Kumar', 1, 'Software Engineer', 79000, 20230420, 'mohankumar41@example.com', '+91-9812345710'),
('Seetha Lakshmi', 2, 'Data Analyst', 72000, 20230510, 'seethalakshmi42@example.com', '+91-9812345711'),
('Rajeshwari Devi', 3, 'Project Manager', 96000, 20230605, 'rajeshwaridevi43@example.com', '+91-9812345712'),
('Vasanth Kumar', 1, 'Software Engineer', 81000, 20230701, 'vasanthkumar44@example.com', '+91-9812345713'),
('Meenakshi Rani', 4, 'HR Specialist', 68000, 20230815, 'meenakshirani45@example.com', '+91-9812345714'),
('Karthik Bala', 5, 'Accountant', 71000, 20230910, 'karthikbala46@example.com', '+91-9812345715'),
('Sathish Kumar', 1, 'DevOps Engineer', 82000, 20231005, 'sathishkumar47@example.com', '+91-9812345716'),
('Savitri Devi', 2, 'Data Scientist', 89000, 20231101, 'savitridevi48@example.com', '+91-9812345717'),
('Natarajan Raj', 3, 'Product Manager', 93000, 20231210, 'natarajanraj49@example.com', '+91-9812345718'),
('Kalaivani Devi', 4, 'HR Manager', 78000, 20240115, 'kalaivanidevi50@example.com', '+91-9812345719'),
('Siva Kumar', 1, 'Software Engineer', 82000, 20240210, 'sivakumar51@example.com', '+91-9812345720'),
('John Doe', 1, 'HR Manager', 70000, 20180115, 'johndoe@example.com', '555-123-4567'),
('Jane Smith', 2, 'Financial Analyst', 80000, 20180422, 'janesmith@example.com', '555-234-5678'),
('Michael Brown', 3, 'Marketing Specialist', 65000, 20190930, 'michaelbrown@example.com', '555-345-6789'),
('Emily Johnson', 4, 'IT Support', 72000, 20171015, 'emilyjohnson@example.com', '555-456-7890'),
('Chris Lee', 5, 'R&D Engineer', 95000, 20200320, 'chrislee@example.com', '555-567-8901'),
('Sarah Davis', 6, 'Operations Manager', 83000, 20180712, 'sarahdavis@example.com', '555-678-9012'),
('David Wilson', 7, 'Sales Associate', 60000, 20191210, 'davidwilson@example.com', '555-789-0123'),
('Laura Martinez', 8, 'Legal Counsel', 88000, 20190105, 'lauramartinez@example.com', '555-890-1234'),
('James Taylor', 9, 'Support Specialist', 55000, 20181118, 'jamestaylor@example.com', '555-901-2345'),
('Megan White', 10, 'Software Engineer', 90000, 20200215, 'meganwhite@example.com', '555-012-3456'),
('Paul Harris', 11, 'Procurement Officer', 62000, 20180510, 'paulharris@example.com', '555-123-9876'),
('Lisa Clark', 12, 'Security Analyst', 72000, 20210601, 'lisaclark@example.com', '555-234-0987'),
('Robert Lewis', 13, 'Administrative Assistant', 48000, 20191221, 'robertlewis@example.com', '555-345-1098'),
('Amy Walker', 14, 'Customer Service Rep', 53000, 20200408, 'amywalker@example.com', '555-456-2109'),
('Daniel Hall', 15, 'Supply Chain Analyst', 67000, 20181029, 'danielhall@example.com', '555-567-3210'),
('Jennifer Allen', 16, 'Public Relations Manager', 75000, 20180727, 'jenniferallen@example.com', '555-678-4321'),
('Matthew Young', 17, 'Corporate Strategy Consultant', 92000, 20210110, 'matthewyoung@example.com', '555-789-5432'),
('Michelle King', 18, 'Facilities Supervisor', 61000, 20180525, 'michelleking@example.com', '555-890-6543'),
('Andrew Scott', 19, 'Compliance Officer', 83000, 20180613, 'andrewscott@example.com', '555-901-7654'),
('Rachel Green', 20, 'Content Manager', 72000, 20190302, 'rachelgreen@example.com', '555-012-8765'),
('Jason Baker', 21, 'Innovation Strategist', 86000, 20200720, 'jasonbaker@example.com', '555-123-9876'),
('Stephanie Gonzalez', 22, 'Product Manager', 95000, 20180629, 'stephaniegonzalez@example.com', '555-234-0987'),
('Brian Adams', 23, 'Quality Assurance Lead', 78000, 20200217, 'brianadams@example.com', '555-345-1098'),
('Sophia Nelson', 24, 'Risk Manager', 86000, 20190515, 'sophianelson@example.com', '555-456-2109'),
('Ethan Carter', 25, 'Tax Specialist', 66000, 20210310, 'ethancarter@example.com', '555-567-3210'),
('Olivia Torres', 26, 'Treasury Analyst', 78000, 20181204, 'oliviatorres@example.com', '555-678-4321'),
('Henry Mitchell', 27, 'Talent Acquisition Specialist', 69000, 20190212, 'henrymitchell@example.com', '555-789-5432'),
('Samantha Roberts', 28, 'Legal Advisor', 86000, 20201124, 'samantharoberts@example.com', '555-890-6543'),
('Benjamin Ramirez', 29, 'Government Affairs Manager', 91000, 20191223,'Benjamin@example.com' , '555-678-9876'),
('Arun Kumar', 1, 'Software Engineer', 75000, 20200101, 'arunkumar1@example.com', '+91-9812345670'),
('Lakshmi Narayanan', 2, 'Data Analyst', 68000, 20200215, 'lakshminarayanan2@example.com', '+91-9812345671'),
('Ravi Chandran', 3, 'Project Manager', 90000, 20200310, 'ravichandran3@example.com', '+91-9812345672'),
('Vidhya Rani', 1, 'Software Engineer', 72000, 20200420, 'vidhyarani4@example.com', '+91-9812345673'),
('Murugan Sundar', 4, 'HR Specialist', 60000, 20200505, 'murugansundar5@example.com', '+91-9812345674'),
('Saravanan Bala', 5, 'Accountant', 65000, 20200612, 'saravananbala6@example.com', '+91-9812345675'),
('Priya Selvam', 1, 'DevOps Engineer', 78000, 20200725, 'priyaselvam7@example.com', '+91-9812345676'),
('Gokul Raj', 2, 'Data Scientist', 85000, 20200830, 'gokulraj8@example.com', '+91-9812345677'),
('Karthik Subramani', 3, 'Product Manager', 88000, 20200915, 'karthiksubramani9@example.com', '+91-9812345678'),
('Meena Devi', 4, 'HR Manager', 72000, 20201005, 'meenadevi10@example.com', '+91-9812345679'),
('Anand Kumar', 1, 'Software Engineer', 74000, 20201111, 'anandkumar11@example.com', '+91-9812345680'),
('Deepa Lakshmi', 2, 'Data Analyst', 69000, 20201222, 'deepalakshmi12@example.com', '+91-9812345681'),
('Vijay Kumar', 3, 'Project Manager', 92000, 20210101, 'vijaykumar13@example.com', '+91-9812345682'),
('Sundar Rajan', 1, 'Software Engineer', 76000, 20210115, 'sundarrajan14@example.com', '+91-9812345683'),
('Divya Rani', 4, 'HR Specialist', 62000, 20210210, 'divyarani15@example.com', '+91-9812345684'),
('Rajesh Kumar', 5, 'Accountant', 66000, 20210305, 'rajeshkumar16@example.com', '+91-9812345685'),
('Siva Priya', 1, 'DevOps Engineer', 79000, 20210420, 'sivapriya17@example.com', '+91-9812345686'),
('Bala Murugan', 2, 'Data Scientist', 86000, 20210515, 'balamurugan18@example.com', '+91-9812345687'),
('Ramesh Kumar', 3, 'Product Manager', 89000, 20210630, 'rameshkumar19@example.com', '+91-9812345688'),
('Gayathri Devi', 4, 'HR Manager', 73000, 20210725, 'gayathridevi20@example.com', '+91-9812345689'),
('Hari Krishna', 1, 'Software Engineer', 76000, 20210810, 'harikrishna21@example.com', '+91-9812345690'),
('Malathi Rani', 2, 'Data Analyst', 70000, 20210905, 'malathirani22@example.com', '+91-9812345691'),
('Manoj Kumar', 3, 'Project Manager', 94000, 20211001, 'manojkumar23@example.com', '+91-9812345692'),
('Revathi Nair', 1, 'Software Engineer', 78000, 20211115, 'revathinair24@example.com', '+91-9812345693'),
('Mohan Raj', 4, 'HR Specialist', 64000, 20211210, 'mohanraj25@example.com', '+91-9812345694'),
('Shankar Iyer', 5, 'Accountant', 67000, 20220120, 'shankariyer26@example.com', '+91-9812345695'),
('Uma Mahesh', 1, 'DevOps Engineer', 80000, 20220214, 'umamahesh27@example.com', '+91-9812345696'),
('Kavitha Raj', 2, 'Data Scientist', 87000, 20220330, 'kavitharaj28@example.com', '+91-9812345697'),
('Suresh Kumar', 3, 'Product Manager', 91000, 20220425, 'sureshkumar29@example.com', '+91-9812345698'),
('Renuka Devi', 4, 'HR Manager', 74000, 20220510, 'renukadevi30@example.com', '+91-9812345699'),
('Vijaya Kumari', 1, 'Software Engineer', 78000, 20220620, 'vijayakumari31@example.com', '+91-9812345700'),
('Prakash Raj', 2, 'Data Analyst', 71000, 20220710, 'prakashraj32@example.com', '+91-9812345701'),
('Bharath Kumar', 3, 'Project Manager', 95000, 20220801, 'bharathkumar33@example.com', '+91-9812345702'),
('Vijayalakshmi Nair', 1, 'Software Engineer', 80000, 20220912, 'vijayalakshminair34@example.com', '+91-9812345703'),
('Dinesh Kumar', 4, 'HR Specialist', 66000, 20221005, 'dineshkumar35@example.com', '+91-9812345704'),
('Ragini Rani', 5, 'Accountant', 69000, 20221120, 'raginirani36@example.com', '+91-9812345705'),
('Vivek Sundar', 1, 'DevOps Engineer', 81000, 20221215, 'viveksundar37@example.com', '+91-9812345706'),
('Raghavan Kumar', 3, 'Product Manager', 92000, 20230228, 'raghavankumar39@example.com', '+91-9812345708'),
('Madhavi Devi', 4, 'HR Manager', 76000, 20230315, 'madhavidevi40@example.com', '+91-9812345709'),
('Mohan Kumar', 1, 'Software Engineer', 79000, 20230420, 'mohankumar41@example.com', '+91-9812345710'),
('Seetha Lakshmi', 2, 'Data Analyst', 72000, 20230510, 'seethalakshmi42@example.com', '+91-9812345711'),
('Rajeshwari Devi', 3, 'Project Manager', 96000, 20230605, 'rajeshwaridevi43@example.com', '+91-9812345712'),
('Vasanth Kumar', 1, 'Software Engineer', 81000, 20230701, 'vasanthkumar44@example.com', '+91-9812345713'),
('Meenakshi Rani', 4, 'HR Specialist', 68000, 20230815, 'meenakshirani45@example.com', '+91-9812345714'),
('Karthik Bala', 5, 'Accountant', 71000, 20230910, 'karthikbala46@example.com', '+91-9812345715'),
('Sathish Kumar', 1, 'DevOps Engineer', 82000, 20231005, 'sathishkumar47@example.com', '+91-9812345716'),
('Savitri Devi', 2, 'Data Scientist', 89000, 20231101, 'savitridevi48@example.com', '+91-9812345717'),
('Natarajan Raj', 3, 'Product Manager', 93000, 20231210, 'natarajanraj49@example.com', '+91-9812345718'),
('Kalaivani Devi', 4, 'HR Manager', 78000, 20240115, 'kalaivanidevi50@example.com', '+91-9812345719'),
('Siva Kumar', 1, 'Software Engineer', 82000, 20240210, 'sivakumar51@example.com', '+91-9812345720'),
('John Doe', 1, 'HR Manager', 70000, 20180115, 'johndoe@example.com', '555-123-4567'),
('Jane Smith', 2, 'Financial Analyst', 80000, 20180422, 'janesmith@example.com', '555-234-5678'),
('Michael Brown', 3, 'Marketing Specialist', 65000, 20190930, 'michaelbrown@example.com', '555-345-6789'),
('Emily Johnson', 4, 'IT Support', 72000, 20171015, 'emilyjohnson@example.com', '555-456-7890'),
('Chris Lee', 5, 'R&D Engineer', 95000, 20200320, 'chrislee@example.com', '555-567-8901'),
('Sarah Davis', 6, 'Operations Manager', 83000, 20180712, 'sarahdavis@example.com', '555-678-9012'),
('David Wilson', 7, 'Sales Associate', 60000, 20191210, 'davidwilson@example.com', '555-789-0123'),
('Laura Martinez', 8, 'Legal Counsel', 88000, 20190105, 'lauramartinez@example.com', '555-890-1234'),
('James Taylor', 9, 'Support Specialist', 55000, 20181118, 'jamestaylor@example.com', '555-901-2345'),
('Megan White', 10, 'Software Engineer', 90000, 20200215, 'meganwhite@example.com', '555-012-3456'),
('Paul Harris', 11, 'Procurement Officer', 62000, 20180510, 'paulharris@example.com', '555-123-9876'),
('Lisa Clark', 12, 'Security Analyst', 72000, 20210601, 'lisaclark@example.com', '555-234-0987'),
('Robert Lewis', 13, 'Administrative Assistant', 48000, 20191221, 'robertlewis@example.com', '555-345-1098'),
('Amy Walker', 14, 'Customer Service Rep', 53000, 20200408, 'amywalker@example.com', '555-456-2109'),
('Daniel Hall', 15, 'Supply Chain Analyst', 67000, 20181029, 'danielhall@example.com', '555-567-3210'),
('Jennifer Allen', 16, 'Public Relations Manager', 75000, 20180727, 'jenniferallen@example.com', '555-678-4321'),
('Matthew Young', 17, 'Corporate Strategy Consultant', 92000, 20210110, 'matthewyoung@example.com', '555-789-5432'),
('Michelle King', 18, 'Facilities Supervisor', 61000, 20180525, 'michelleking@example.com', '555-890-6543'),
('Andrew Scott', 19, 'Compliance Officer', 83000, 20180613, 'andrewscott@example.com', '555-901-7654'),
('Rachel Green', 20, 'Content Manager', 72000, 20190302, 'rachelgreen@example.com', '555-012-8765'),
('Jason Baker', 21, 'Innovation Strategist', 86000, 20200720, 'jasonbaker@example.com', '555-123-9876'),
('Stephanie Gonzalez', 22, 'Product Manager', 95000, 20180629, 'stephaniegonzalez@example.com', '555-234-0987'),
('Brian Adams', 23, 'Quality Assurance Lead', 78000, 20200217, 'brianadams@example.com', '555-345-1098'),
('Sophia Nelson', 24, 'Risk Manager', 86000, 20190515, 'sophianelson@example.com', '555-456-2109'),
('Ethan Carter', 25, 'Tax Specialist', 66000, 20210310, 'ethancarter@example.com', '555-567-3210'),
('Olivia Torres', 26, 'Treasury Analyst', 78000, 20181204, 'oliviatorres@example.com', '555-678-4321'),
('Henry Mitchell', 27, 'Talent Acquisition Specialist', 69000, 20190212, 'henrymitchell@example.com', '555-789-5432'),
('Samantha Roberts', 28, 'Legal Advisor', 86000, 20201124, 'samantharoberts@example.com', '555-890-6543'),
('Benjamin Ramirez', 29, 'Government Affairs Manager', 91000, 20191223,'Benjamin@example.com' , '555-678-9876'),
('Arun Kumar', 1, 'Software Engineer', 75000, 20200101, 'arunkumar1@example.com', '+91-9812345670'),
('Lakshmi Narayanan', 2, 'Data Analyst', 68000, 20200215, 'lakshminarayanan2@example.com', '+91-9812345671'),
('Ravi Chandran', 3, 'Project Manager', 90000, 20200310, 'ravichandran3@example.com', '+91-9812345672'),
('Vidhya Rani', 1, 'Software Engineer', 72000, 20200420, 'vidhyarani4@example.com', '+91-9812345673'),
('Murugan Sundar', 4, 'HR Specialist', 60000, 20200505, 'murugansundar5@example.com', '+91-9812345674'),
('Saravanan Bala', 5, 'Accountant', 65000, 20200612, 'saravananbala6@example.com', '+91-9812345675'),
('Priya Selvam', 1, 'DevOps Engineer', 78000, 20200725, 'priyaselvam7@example.com', '+91-9812345676'),
('Gokul Raj', 2, 'Data Scientist', 85000, 20200830, 'gokulraj8@example.com', '+91-9812345677'),
('Karthik Subramani', 3, 'Product Manager', 88000, 20200915, 'karthiksubramani9@example.com', '+91-9812345678'),
('Meena Devi', 4, 'HR Manager', 72000, 20201005, 'meenadevi10@example.com', '+91-9812345679'),
('Anand Kumar', 1, 'Software Engineer', 74000, 20201111, 'anandkumar11@example.com', '+91-9812345680'),
('Deepa Lakshmi', 2, 'Data Analyst', 69000, 20201222, 'deepalakshmi12@example.com', '+91-9812345681'),
('Vijay Kumar', 3, 'Project Manager', 92000, 20210101, 'vijaykumar13@example.com', '+91-9812345682'),
('Sundar Rajan', 1, 'Software Engineer', 76000, 20210115, 'sundarrajan14@example.com', '+91-9812345683'),
('Divya Rani', 4, 'HR Specialist', 62000, 20210210, 'divyarani15@example.com', '+91-9812345684'),
('Rajesh Kumar', 5, 'Accountant', 66000, 20210305, 'rajeshkumar16@example.com', '+91-9812345685'),
('Siva Priya', 1, 'DevOps Engineer', 79000, 20210420, 'sivapriya17@example.com', '+91-9812345686'),
('Bala Murugan', 2, 'Data Scientist', 86000, 20210515, 'balamurugan18@example.com', '+91-9812345687'),
('Ramesh Kumar', 3, 'Product Manager', 89000, 20210630, 'rameshkumar19@example.com', '+91-9812345688'),
('Gayathri Devi', 4, 'HR Manager', 73000, 20210725, 'gayathridevi20@example.com', '+91-9812345689'),
('Hari Krishna', 1, 'Software Engineer', 76000, 20210810, 'harikrishna21@example.com', '+91-9812345690'),
('Malathi Rani', 2, 'Data Analyst', 70000, 20210905, 'malathirani22@example.com', '+91-9812345691'),
('Manoj Kumar', 3, 'Project Manager', 94000, 20211001, 'manojkumar23@example.com', '+91-9812345692'),
('Revathi Nair', 1, 'Software Engineer', 78000, 20211115, 'revathinair24@example.com', '+91-9812345693'),
('Mohan Raj', 4, 'HR Specialist', 64000, 20211210, 'mohanraj25@example.com', '+91-9812345694'),
('Shankar Iyer', 5, 'Accountant', 67000, 20220120, 'shankariyer26@example.com', '+91-9812345695'),
('Uma Mahesh', 1, 'DevOps Engineer', 80000, 20220214, 'umamahesh27@example.com', '+91-9812345696'),
('Kavitha Raj', 2, 'Data Scientist', 87000, 20220330, 'kavitharaj28@example.com', '+91-9812345697'),
('Suresh Kumar', 3, 'Product Manager', 91000, 20220425, 'sureshkumar29@example.com', '+91-9812345698'),
('Renuka Devi', 4, 'HR Manager', 74000, 20220510, 'renukadevi30@example.com', '+91-9812345699'),
('Vijaya Kumari', 1, 'Software Engineer', 78000, 20220620, 'vijayakumari31@example.com', '+91-9812345700'),
('Prakash Raj', 2, 'Data Analyst', 71000, 20220710, 'prakashraj32@example.com', '+91-9812345701'),
('Bharath Kumar', 3, 'Project Manager', 95000, 20220801, 'bharathkumar33@example.com', '+91-9812345702'),
('Vijayalakshmi Nair', 1, 'Software Engineer', 80000, 20220912, 'vijayalakshminair34@example.com', '+91-9812345703'),
('Dinesh Kumar', 4, 'HR Specialist', 66000, 20221005, 'dineshkumar35@example.com', '+91-9812345704'),
('Ragini Rani', 5, 'Accountant', 69000, 20221120, 'raginirani36@example.com', '+91-9812345705'),
('Vivek Sundar', 1, 'DevOps Engineer', 81000, 20221215, 'viveksundar37@example.com', '+91-9812345706'),
('Raghavan Kumar', 3, 'Product Manager', 92000, 20230228, 'raghavankumar39@example.com', '+91-9812345708'),
('Madhavi Devi', 4, 'HR Manager', 76000, 20230315, 'madhavidevi40@example.com', '+91-9812345709'),
('Mohan Kumar', 1, 'Software Engineer', 79000, 20230420, 'mohankumar41@example.com', '+91-9812345710'),
('Seetha Lakshmi', 2, 'Data Analyst', 72000, 20230510, 'seethalakshmi42@example.com', '+91-9812345711'),
('Rajeshwari Devi', 3, 'Project Manager', 96000, 20230605, 'rajeshwaridevi43@example.com', '+91-9812345712'),
('Vasanth Kumar', 1, 'Software Engineer', 81000, 20230701, 'vasanthkumar44@example.com', '+91-9812345713'),
('Meenakshi Rani', 4, 'HR Specialist', 68000, 20230815, 'meenakshirani45@example.com', '+91-9812345714'),
('Karthik Bala', 5, 'Accountant', 71000, 20230910, 'karthikbala46@example.com', '+91-9812345715'),
('Sathish Kumar', 1, 'DevOps Engineer', 82000, 20231005, 'sathishkumar47@example.com', '+91-9812345716'),
('Savitri Devi', 2, 'Data Scientist', 89000, 20231101, 'savitridevi48@example.com', '+91-9812345717'),
('Natarajan Raj', 3, 'Product Manager', 93000, 20231210, 'natarajanraj49@example.com', '+91-9812345718'),
('Kalaivani Devi', 4, 'HR Manager', 78000, 20240115, 'kalaivanidevi50@example.com', '+91-9812345719'),
('Siva Kumar', 1, 'Software Engineer', 82000, 20240210, 'sivakumar51@example.com', '+91-9812345720'),
('John Doe', 1, 'HR Manager', 70000, 20180115, 'johndoe@example.com', '555-123-4567'),
('Jane Smith', 2, 'Financial Analyst', 80000, 20180422, 'janesmith@example.com', '555-234-5678'),
('Michael Brown', 3, 'Marketing Specialist', 65000, 20190930, 'michaelbrown@example.com', '555-345-6789'),
('Emily Johnson', 4, 'IT Support', 72000, 20171015, 'emilyjohnson@example.com', '555-456-7890'),
('Chris Lee', 5, 'R&D Engineer', 95000, 20200320, 'chrislee@example.com', '555-567-8901'),
('Sarah Davis', 6, 'Operations Manager', 83000, 20180712, 'sarahdavis@example.com', '555-678-9012'),
('David Wilson', 7, 'Sales Associate', 60000, 20191210, 'davidwilson@example.com', '555-789-0123'),
('Laura Martinez', 8, 'Legal Counsel', 88000, 20190105, 'lauramartinez@example.com', '555-890-1234'),
('James Taylor', 9, 'Support Specialist', 55000, 20181118, 'jamestaylor@example.com', '555-901-2345'),
('Megan White', 10, 'Software Engineer', 90000, 20200215, 'meganwhite@example.com', '555-012-3456'),
('Paul Harris', 11, 'Procurement Officer', 62000, 20180510, 'paulharris@example.com', '555-123-9876'),
('Lisa Clark', 12, 'Security Analyst', 72000, 20210601, 'lisaclark@example.com', '555-234-0987'),
('Robert Lewis', 13, 'Administrative Assistant', 48000, 20191221, 'robertlewis@example.com', '555-345-1098'),
('Amy Walker', 14, 'Customer Service Rep', 53000, 20200408, 'amywalker@example.com', '555-456-2109'),
('Daniel Hall', 15, 'Supply Chain Analyst', 67000, 20181029, 'danielhall@example.com', '555-567-3210'),
('Jennifer Allen', 16, 'Public Relations Manager', 75000, 20180727, 'jenniferallen@example.com', '555-678-4321'),
('Matthew Young', 17, 'Corporate Strategy Consultant', 92000, 20210110, 'matthewyoung@example.com', '555-789-5432'),
('Michelle King', 18, 'Facilities Supervisor', 61000, 20180525, 'michelleking@example.com', '555-890-6543'),
('Andrew Scott', 19, 'Compliance Officer', 83000, 20180613, 'andrewscott@example.com', '555-901-7654'),
('Rachel Green', 20, 'Content Manager', 72000, 20190302, 'rachelgreen@example.com', '555-012-8765'),
('Jason Baker', 21, 'Innovation Strategist', 86000, 20200720, 'jasonbaker@example.com', '555-123-9876'),
('Stephanie Gonzalez', 22, 'Product Manager', 95000, 20180629, 'stephaniegonzalez@example.com', '555-234-0987'),
('Brian Adams', 23, 'Quality Assurance Lead', 78000, 20200217, 'brianadams@example.com', '555-345-1098'),
('Sophia Nelson', 24, 'Risk Manager', 86000, 20190515, 'sophianelson@example.com', '555-456-2109'),
('Ethan Carter', 25, 'Tax Specialist', 66000, 20210310, 'ethancarter@example.com', '555-567-3210'),
('Olivia Torres', 26, 'Treasury Analyst', 78000, 20181204, 'oliviatorres@example.com', '555-678-4321'),
('Henry Mitchell', 27, 'Talent Acquisition Specialist', 69000, 20190212, 'henrymitchell@example.com', '555-789-5432'),
('Samantha Roberts', 28, 'Legal Advisor', 86000, 20201124, 'samantharoberts@example.com', '555-890-6543'),
('Benjamin Ramirez', 29, 'Government Affairs Manager', 91000, 20191223,'Benjamin@example.com' , '555-678-9876'),
('Arun Kumar', 1, 'Software Engineer', 75000, 20200101, 'arunkumar1@example.com', '+91-9812345670'),
('Lakshmi Narayanan', 2, 'Data Analyst', 68000, 20200215, 'lakshminarayanan2@example.com', '+91-9812345671'),
('Ravi Chandran', 3, 'Project Manager', 90000, 20200310, 'ravichandran3@example.com', '+91-9812345672'),
('Vidhya Rani', 1, 'Software Engineer', 72000, 20200420, 'vidhyarani4@example.com', '+91-9812345673'),
('Murugan Sundar', 4, 'HR Specialist', 60000, 20200505, 'murugansundar5@example.com', '+91-9812345674'),
('Saravanan Bala', 5, 'Accountant', 65000, 20200612, 'saravananbala6@example.com', '+91-9812345675'),
('Priya Selvam', 1, 'DevOps Engineer', 78000, 20200725, 'priyaselvam7@example.com', '+91-9812345676'),
('Gokul Raj', 2, 'Data Scientist', 85000, 20200830, 'gokulraj8@example.com', '+91-9812345677'),
('Karthik Subramani', 3, 'Product Manager', 88000, 20200915, 'karthiksubramani9@example.com', '+91-9812345678'),
('Meena Devi', 4, 'HR Manager', 72000, 20201005, 'meenadevi10@example.com', '+91-9812345679'),
('Anand Kumar', 1, 'Software Engineer', 74000, 20201111, 'anandkumar11@example.com', '+91-9812345680'),
('Deepa Lakshmi', 2, 'Data Analyst', 69000, 20201222, 'deepalakshmi12@example.com', '+91-9812345681'),
('Vijay Kumar', 3, 'Project Manager', 92000, 20210101, 'vijaykumar13@example.com', '+91-9812345682'),
('Sundar Rajan', 1, 'Software Engineer', 76000, 20210115, 'sundarrajan14@example.com', '+91-9812345683'),
('Divya Rani', 4, 'HR Specialist', 62000, 20210210, 'divyarani15@example.com', '+91-9812345684'),
('Rajesh Kumar', 5, 'Accountant', 66000, 20210305, 'rajeshkumar16@example.com', '+91-9812345685'),
('Siva Priya', 1, 'DevOps Engineer', 79000, 20210420, 'sivapriya17@example.com', '+91-9812345686'),
('Bala Murugan', 2, 'Data Scientist', 86000, 20210515, 'balamurugan18@example.com', '+91-9812345687'),
('Ramesh Kumar', 3, 'Product Manager', 89000, 20210630, 'rameshkumar19@example.com', '+91-9812345688'),
('Gayathri Devi', 4, 'HR Manager', 73000, 20210725, 'gayathridevi20@example.com', '+91-9812345689'),
('Hari Krishna', 1, 'Software Engineer', 76000, 20210810, 'harikrishna21@example.com', '+91-9812345690'),
('Malathi Rani', 2, 'Data Analyst', 70000, 20210905, 'malathirani22@example.com', '+91-9812345691'),
('Manoj Kumar', 3, 'Project Manager', 94000, 20211001, 'manojkumar23@example.com', '+91-9812345692'),
('Revathi Nair', 1, 'Software Engineer', 78000, 20211115, 'revathinair24@example.com', '+91-9812345693'),
('Mohan Raj', 4, 'HR Specialist', 64000, 20211210, 'mohanraj25@example.com', '+91-9812345694'),
('Shankar Iyer', 5, 'Accountant', 67000, 20220120, 'shankariyer26@example.com', '+91-9812345695'),
('Uma Mahesh', 1, 'DevOps Engineer', 80000, 20220214, 'umamahesh27@example.com', '+91-9812345696'),
('Kavitha Raj', 2, 'Data Scientist', 87000, 20220330, 'kavitharaj28@example.com', '+91-9812345697'),
('Suresh Kumar', 3, 'Product Manager', 91000, 20220425, 'sureshkumar29@example.com', '+91-9812345698'),
('Renuka Devi', 4, 'HR Manager', 74000, 20220510, 'renukadevi30@example.com', '+91-9812345699'),
('Vijaya Kumari', 1, 'Software Engineer', 78000, 20220620, 'vijayakumari31@example.com', '+91-9812345700'),
('Prakash Raj', 2, 'Data Analyst', 71000, 20220710, 'prakashraj32@example.com', '+91-9812345701'),
('Bharath Kumar', 3, 'Project Manager', 95000, 20220801, 'bharathkumar33@example.com', '+91-9812345702'),
('Vijayalakshmi Nair', 1, 'Software Engineer', 80000, 20220912, 'vijayalakshminair34@example.com', '+91-9812345703'),
('Dinesh Kumar', 4, 'HR Specialist', 66000, 20221005, 'dineshkumar35@example.com', '+91-9812345704'),
('Ragini Rani', 5, 'Accountant', 69000, 20221120, 'raginirani36@example.com', '+91-9812345705'),
('Vivek Sundar', 1, 'DevOps Engineer', 81000, 20221215, 'viveksundar37@example.com', '+91-9812345706'),
('Raghavan Kumar', 3, 'Product Manager', 92000, 20230228, 'raghavankumar39@example.com', '+91-9812345708'),
('Madhavi Devi', 4, 'HR Manager', 76000, 20230315, 'madhavidevi40@example.com', '+91-9812345709'),
('Mohan Kumar', 1, 'Software Engineer', 79000, 20230420, 'mohankumar41@example.com', '+91-9812345710'),
('Seetha Lakshmi', 2, 'Data Analyst', 72000, 20230510, 'seethalakshmi42@example.com', '+91-9812345711'),
('Rajeshwari Devi', 3, 'Project Manager', 96000, 20230605, 'rajeshwaridevi43@example.com', '+91-9812345712'),
('Vasanth Kumar', 1, 'Software Engineer', 81000, 20230701, 'vasanthkumar44@example.com', '+91-9812345713'),
('Meenakshi Rani', 4, 'HR Specialist', 68000, 20230815, 'meenakshirani45@example.com', '+91-9812345714'),
('Karthik Bala', 5, 'Accountant', 71000, 20230910, 'karthikbala46@example.com', '+91-9812345715'),
('Sathish Kumar', 1, 'DevOps Engineer', 82000, 20231005, 'sathishkumar47@example.com', '+91-9812345716'),
('Savitri Devi', 2, 'Data Scientist', 89000, 20231101, 'savitridevi48@example.com', '+91-9812345717'),
('Natarajan Raj', 3, 'Product Manager', 93000, 20231210, 'natarajanraj49@example.com', '+91-9812345718'),
('Kalaivani Devi', 4, 'HR Manager', 78000, 20240115, 'kalaivanidevi50@example.com', '+91-9812345719'),
('Siva Kumar', 1, 'Software Engineer', 82000, 20240210, 'sivakumar51@example.com', '+91-9812345720'),
('John Doe', 1, 'HR Manager', 70000, 20180115, 'johndoe@example.com', '555-123-4567'),
('Jane Smith', 2, 'Financial Analyst', 80000, 20180422, 'janesmith@example.com', '555-234-5678'),
('Michael Brown', 3, 'Marketing Specialist', 65000, 20190930, 'michaelbrown@example.com', '555-345-6789'),
('Emily Johnson', 4, 'IT Support', 72000, 20171015, 'emilyjohnson@example.com', '555-456-7890'),
('Chris Lee', 5, 'R&D Engineer', 95000, 20200320, 'chrislee@example.com', '555-567-8901'),
('Sarah Davis', 6, 'Operations Manager', 83000, 20180712, 'sarahdavis@example.com', '555-678-9012'),
('David Wilson', 7, 'Sales Associate', 60000, 20191210, 'davidwilson@example.com', '555-789-0123'),
('Laura Martinez', 8, 'Legal Counsel', 88000, 20190105, 'lauramartinez@example.com', '555-890-1234'),
('James Taylor', 9, 'Support Specialist', 55000, 20181118, 'jamestaylor@example.com', '555-901-2345'),
('Megan White', 10, 'Software Engineer', 90000, 20200215, 'meganwhite@example.com', '555-012-3456'),
('Paul Harris', 11, 'Procurement Officer', 62000, 20180510, 'paulharris@example.com', '555-123-9876'),
('Lisa Clark', 12, 'Security Analyst', 72000, 20210601, 'lisaclark@example.com', '555-234-0987'),
('Robert Lewis', 13, 'Administrative Assistant', 48000, 20191221, 'robertlewis@example.com', '555-345-1098'),
('Amy Walker', 14, 'Customer Service Rep', 53000, 20200408, 'amywalker@example.com', '555-456-2109'),
('Daniel Hall', 15, 'Supply Chain Analyst', 67000, 20181029, 'danielhall@example.com', '555-567-3210'),
('Jennifer Allen', 16, 'Public Relations Manager', 75000, 20180727, 'jenniferallen@example.com', '555-678-4321'),
('Matthew Young', 17, 'Corporate Strategy Consultant', 92000, 20210110, 'matthewyoung@example.com', '555-789-5432'),
('Michelle King', 18, 'Facilities Supervisor', 61000, 20180525, 'michelleking@example.com', '555-890-6543'),
('Andrew Scott', 19, 'Compliance Officer', 83000, 20180613, 'andrewscott@example.com', '555-901-7654'),
('Rachel Green', 20, 'Content Manager', 72000, 20190302, 'rachelgreen@example.com', '555-012-8765'),
('Jason Baker', 21, 'Innovation Strategist', 86000, 20200720, 'jasonbaker@example.com', '555-123-9876'),
('Stephanie Gonzalez', 22, 'Product Manager', 95000, 20180629, 'stephaniegonzalez@example.com', '555-234-0987'),
('Brian Adams', 23, 'Quality Assurance Lead', 78000, 20200217, 'brianadams@example.com', '555-345-1098'),
('Sophia Nelson', 24, 'Risk Manager', 86000, 20190515, 'sophianelson@example.com', '555-456-2109'),
('Ethan Carter', 25, 'Tax Specialist', 66000, 20210310, 'ethancarter@example.com', '555-567-3210'),
('Olivia Torres', 26, 'Treasury Analyst', 78000, 20181204, 'oliviatorres@example.com', '555-678-4321'),
('Henry Mitchell', 27, 'Talent Acquisition Specialist', 69000, 20190212, 'henrymitchell@example.com', '555-789-5432'),
('Samantha Roberts', 28, 'Legal Advisor', 86000, 20201124, 'samantharoberts@example.com', '555-890-6543'),
('Benjamin Ramirez', 29, 'Government Affairs Manager', 91000, 20191223,'Benjamin@example.com' , '555-678-9876'),
('Arun Kumar', 1, 'Software Engineer', 75000, 20200101, 'arunkumar1@example.com', '+91-9812345670'),
('Lakshmi Narayanan', 2, 'Data Analyst', 68000, 20200215, 'lakshminarayanan2@example.com', '+91-9812345671'),
('Ravi Chandran', 3, 'Project Manager', 90000, 20200310, 'ravichandran3@example.com', '+91-9812345672'),
('Vidhya Rani', 1, 'Software Engineer', 72000, 20200420, 'vidhyarani4@example.com', '+91-9812345673'),
('Murugan Sundar', 4, 'HR Specialist', 60000, 20200505, 'murugansundar5@example.com', '+91-9812345674'),
('Saravanan Bala', 5, 'Accountant', 65000, 20200612, 'saravananbala6@example.com', '+91-9812345675'),
('Priya Selvam', 1, 'DevOps Engineer', 78000, 20200725, 'priyaselvam7@example.com', '+91-9812345676'),
('Gokul Raj', 2, 'Data Scientist', 85000, 20200830, 'gokulraj8@example.com', '+91-9812345677'),
('Karthik Subramani', 3, 'Product Manager', 88000, 20200915, 'karthiksubramani9@example.com', '+91-9812345678'),
('Meena Devi', 4, 'HR Manager', 72000, 20201005, 'meenadevi10@example.com', '+91-9812345679'),
('Anand Kumar', 1, 'Software Engineer', 74000, 20201111, 'anandkumar11@example.com', '+91-9812345680'),
('Deepa Lakshmi', 2, 'Data Analyst', 69000, 20201222, 'deepalakshmi12@example.com', '+91-9812345681'),
('Vijay Kumar', 3, 'Project Manager', 92000, 20210101, 'vijaykumar13@example.com', '+91-9812345682'),
('Sundar Rajan', 1, 'Software Engineer', 76000, 20210115, 'sundarrajan14@example.com', '+91-9812345683'),
('Divya Rani', 4, 'HR Specialist', 62000, 20210210, 'divyarani15@example.com', '+91-9812345684'),
('Rajesh Kumar', 5, 'Accountant', 66000, 20210305, 'rajeshkumar16@example.com', '+91-9812345685'),
('Siva Priya', 1, 'DevOps Engineer', 79000, 20210420, 'sivapriya17@example.com', '+91-9812345686'),
('Bala Murugan', 2, 'Data Scientist', 86000, 20210515, 'balamurugan18@example.com', '+91-9812345687'),
('Ramesh Kumar', 3, 'Product Manager', 89000, 20210630, 'rameshkumar19@example.com', '+91-9812345688'),
('Gayathri Devi', 4, 'HR Manager', 73000, 20210725, 'gayathridevi20@example.com', '+91-9812345689'),
('Hari Krishna', 1, 'Software Engineer', 76000, 20210810, 'harikrishna21@example.com', '+91-9812345690'),
('Malathi Rani', 2, 'Data Analyst', 70000, 20210905, 'malathirani22@example.com', '+91-9812345691'),
('Manoj Kumar', 3, 'Project Manager', 94000, 20211001, 'manojkumar23@example.com', '+91-9812345692'),
('Revathi Nair', 1, 'Software Engineer', 78000, 20211115, 'revathinair24@example.com', '+91-9812345693'),
('Mohan Raj', 4, 'HR Specialist', 64000, 20211210, 'mohanraj25@example.com', '+91-9812345694'),
('Shankar Iyer', 5, 'Accountant', 67000, 20220120, 'shankariyer26@example.com', '+91-9812345695'),
('Uma Mahesh', 1, 'DevOps Engineer', 80000, 20220214, 'umamahesh27@example.com', '+91-9812345696'),
('Kavitha Raj', 2, 'Data Scientist', 87000, 20220330, 'kavitharaj28@example.com', '+91-9812345697'),
('Suresh Kumar', 3, 'Product Manager', 91000, 20220425, 'sureshkumar29@example.com', '+91-9812345698'),
('Renuka Devi', 4, 'HR Manager', 74000, 20220510, 'renukadevi30@example.com', '+91-9812345699'),
('Vijaya Kumari', 1, 'Software Engineer', 78000, 20220620, 'vijayakumari31@example.com', '+91-9812345700'),
('Prakash Raj', 2, 'Data Analyst', 71000, 20220710, 'prakashraj32@example.com', '+91-9812345701'),
('Bharath Kumar', 3, 'Project Manager', 95000, 20220801, 'bharathkumar33@example.com', '+91-9812345702'),
('Vijayalakshmi Nair', 1, 'Software Engineer', 80000, 20220912, 'vijayalakshminair34@example.com', '+91-9812345703'),
('Dinesh Kumar', 4, 'HR Specialist', 66000, 20221005, 'dineshkumar35@example.com', '+91-9812345704'),
('Ragini Rani', 5, 'Accountant', 69000, 20221120, 'raginirani36@example.com', '+91-9812345705'),
('Vivek Sundar', 1, 'DevOps Engineer', 81000, 20221215, 'viveksundar37@example.com', '+91-9812345706'),
('Raghavan Kumar', 3, 'Product Manager', 92000, 20230228, 'raghavankumar39@example.com', '+91-9812345708'),
('Madhavi Devi', 4, 'HR Manager', 76000, 20230315, 'madhavidevi40@example.com', '+91-9812345709'),
('Mohan Kumar', 1, 'Software Engineer', 79000, 20230420, 'mohankumar41@example.com', '+91-9812345710'),
('Seetha Lakshmi', 2, 'Data Analyst', 72000, 20230510, 'seethalakshmi42@example.com', '+91-9812345711'),
('Rajeshwari Devi', 3, 'Project Manager', 96000, 20230605, 'rajeshwaridevi43@example.com', '+91-9812345712'),
('Vasanth Kumar', 1, 'Software Engineer', 81000, 20230701, 'vasanthkumar44@example.com', '+91-9812345713'),
('Meenakshi Rani', 4, 'HR Specialist', 68000, 20230815, 'meenakshirani45@example.com', '+91-9812345714'),
('Karthik Bala', 5, 'Accountant', 71000, 20230910, 'karthikbala46@example.com', '+91-9812345715'),
('Sathish Kumar', 1, 'DevOps Engineer', 82000, 20231005, 'sathishkumar47@example.com', '+91-9812345716'),
('Savitri Devi', 2, 'Data Scientist', 89000, 20231101, 'savitridevi48@example.com', '+91-9812345717'),
('Natarajan Raj', 3, 'Product Manager', 93000, 20231210, 'natarajanraj49@example.com', '+91-9812345718'),
('Kalaivani Devi', 4, 'HR Manager', 78000, 20240115, 'kalaivanidevi50@example.com', '+91-9812345719'),
('Siva Kumar', 1, 'Software Engineer', 82000, 20240210, 'sivakumar51@example.com', '+91-9812345720');
select * from employees;

select * from employees where salary between 74000 and 75000;

-- ----------------------------------------------------------------------------------------------------------------------------------------
--   SALARIES TABLE 
 create table Salaries (Salary_Id int auto_increment primary key , Emp_Id int ,Base_Salary int , Bonus int , Total_Salary varchar(30), Pay_Date date);
 drop table salaries;
 insert into Salaries(Emp_Id ,Base_salary,Bonus,Total_salary ,pay_date) values (1, 70000, 5000, 75000, '2023-08-01'),
(2, 80000, 6000, 86000, '2023-08-01'),
(3, 65000, 4500, 69500, '2023-08-01'),
(4, 72000, 5200, 77200, '2023-08-01'),
(5, 95000, 8000, 103000, '2023-08-01'),
(6, 83000, 6300, 89300, '2023-08-01'),
(7, 60000, 4000, 64000, '2023-08-01'),
(8, 88000, 7000, 95000, '2023-08-01'),
(9, 55000, 3500, 58500, '2023-08-01'),
(10, 90000, 7500, 97500, '2023-08-01'),
(11, 62000, 3000, 65000, '2023-08-01'),
(12, 72000, 4200, 76200, '2023-08-01'),
(13, 48000, 2000, 50000, '2023-08-01'),
(14, 53000, 2500, 55500, '2023-08-01'),
(15, 67000, 3500, 70500, '2023-08-01'),
(16, 75000, 4700, 79700, '2023-08-01'),
(17, 92000, 8000, 100000, '2023-08-01'),
(18, 61000, 2900, 63900, '2023-08-01'),
(19, 83000, 6200, 89200, '2023-08-01'),
(20, 72000, 4500, 76500, '2023-08-01'),
(21, 69000, 3500, 72500, '2023-08-01'),
(22, 85000, 7000, 92000, '2023-08-01'),
(23, 58000, 3000, 61000, '2023-08-01'),
(24, 70000, 5000, 75000, '2023-08-01'),
(25, 93000, 8000, 101000, '2023-08-01'),
(26, 64000, 4000, 68000, '2023-08-01'),
(27, 71000, 5500, 76500, '2023-08-01'),
(28, 78000, 6000, 84000, '2023-08-01'),
(29, 62000, 3500, 65500, '2023-08-01'),
(30, 89000, 7500, 96500, '2023-08-01'),
(31, 67000, 4000, 71000, '2023-08-01'),
(32, 73000, 5500, 78500, '2023-08-01'),
(33, 69000, 3000, 72000, '2023-08-01'),
(34, 75000, 7000, 82000, '2023-08-01'),
(35, 80000, 5000, 85000, '2023-08-01'),
(36, 65000, 4500, 69500, '2023-08-01'),
(37, 72000, 5500, 77500, '2023-08-01'),
(38, 80000, 6000, 86000, '2023-08-01'),
(39, 56000, 3500, 59500, '2023-08-01'),
(40, 67000, 5000, 72000, '2023-08-01'),
(41, 69000, 4000, 73000, '2023-08-01'),
(42, 71000, 3500, 74500, '2023-08-01'),
(43, 74000, 4500, 78500, '2023-08-01'),
(44, 76000, 6000, 82000, '2023-08-01'),
(45, 68000, 4000, 72000, '2023-08-01'),
(46, 69000, 5000, 74000, '2023-08-01'),
(47, 71000, 5500, 76500, '2023-08-01'),
(48, 73000, 6000, 79000, '2023-08-01'),
(49, 65000, 4000, 69000, '2023-08-01'),
(50, 62000, 3500, 65500, '2023-08-01'),
(51, 60000, 4500, 64500, '2023-08-01'),
(52, 63000, 4000, 67000, '2023-08-01'),
(53, 65000, 5000, 70000, '2023-08-01'),
(54, 70000, 4500, 74500, '2023-08-01'),
(55, 74000, 5000, 79000, '2023-08-01'),
(56, 68000, 4000, 72000, '2023-08-01'),
(57, 67000, 5500, 72500, '2023-08-01'),
(58, 72000, 6000, 78000, '2023-08-01'),
(59, 74000, 4500, 78500, '2023-08-01'),
(60, 68000, 3500, 71500, '2023-08-01'),
(61, 70000, 5000, 75000, '2023-08-01'),
(62, 62000, 3000, 65000, '2023-08-01'),
(63, 75000, 5500, 80500, '2023-08-01'),
(64, 73000, 4500, 77500, '2023-08-01'),
(65, 67000, 4000, 71000, '2023-08-01'),
(66, 72000, 6000, 78000, '2023-08-01'),
(67, 75000, 7000, 82000, '2023-08-01'),
(68, 68000, 5000, 73000, '2023-08-01'),
(69, 69000, 4500, 73500, '2023-08-01'),
(70, 73000, 6000, 79000, '2023-08-01'),
(71, 71000, 5000, 76000, '2023-08-01'),
(72, 69000, 5500, 74500, '2023-08-01'),
(73, 67000, 4000, 71000, '2023-08-01'),
(74, 62000, 4500, 66500, '2023-08-01'),
(75, 64000, 4000, 68000, '2023-08-01'),
(76, 66000, 5500, 71500, '2023-08-01'),
(77, 72000, 5000, 77000, '2023-08-01'),
(78, 68000, 4000, 72000, '2023-08-01'),
(79, 71000, 5500, 76500, '2023-08-01'),
(80, 73000, 6000, 79000, '2023-08-01'),
(81, 70000, 4500, 74500, '2023-08-01'),
(82, 65000, 4000, 69000, '2023-08-01'),
(83, 67000, 5000, 72000, '2023-08-01'),
(84, 69000, 5500, 74500, '2023-08-01'),
(85, 72000, 4000, 76000, '2023-08-01'),
(86, 73000, 5000, 78000, '2023-08-01'),
(87, 74000, 4500, 78500, '2023-08-01'),
(88, 69000, 4000, 73000, '2023-08-01'),
(89, 68000, 5000, 73000, '2023-08-01'),
(90, 67000, 5500, 72500, '2023-08-01'),
(91, 66000, 6000, 72000, '2023-08-01'),
(92, 72000, 5000, 77000, '2023-08-01'),
(93, 70000, 4000, 74000, '2023-08-01'),
(94, 68000, 5500, 73500, '2023-08-01'),
(95, 75000, 6000, 81000, '2023-08-01'),
(96, 73000, 5000, 78000, '2023-08-01'),
(97, 69000, 4500, 73500, '2023-08-01'),
(98, 72000, 4000, 76000, '2023-08-01'),
(99, 67000, 5500, 72500, '2023-08-01'),
(100, 68000, 5000, 73000, '2023-08-01'),
(1, 70000, 5000, 75000, '2023-08-01'),
(2, 80000, 6000, 86000, '2023-08-01'),
(3, 65000, 4500, 69500, '2023-08-01'),
(4, 72000, 5200, 77200, '2023-08-01'),
(5, 95000, 8000, 103000, '2023-08-01'),
(6, 83000, 6300, 89300, '2023-08-01'),
(7, 60000, 4000, 64000, '2023-08-01'),
(8, 88000, 7000, 95000, '2023-08-01'),
(9, 55000, 3500, 58500, '2023-08-01'),
(10, 90000, 7500, 97500, '2023-08-01'),
(11, 62000, 3000, 65000, '2023-08-01'),
(12, 72000, 4200, 76200, '2023-08-01'),
(13, 48000, 2000, 50000, '2023-08-01'),
(14, 53000, 2500, 55500, '2023-08-01'),
(15, 67000, 3500, 70500, '2023-08-01'),
(16, 75000, 4700, 79700, '2023-08-01'),
(17, 92000, 8000, 100000, '2023-08-01'),
(18, 61000, 2900, 63900, '2023-08-01'),
(19, 83000, 6200, 89200, '2023-08-01'),
(20, 72000, 4500, 76500, '2023-08-01'),
(21, 69000, 3500, 72500, '2023-08-01'),
(22, 85000, 7000, 92000, '2023-08-01'),
(23, 58000, 3000, 61000, '2023-08-01'),
(24, 70000, 5000, 75000, '2023-08-01'),
(25, 93000, 8000, 101000, '2023-08-01'),
(26, 64000, 4000, 68000, '2023-08-01'),
(27, 71000, 5500, 76500, '2023-08-01'),
(28, 78000, 6000, 84000, '2023-08-01'),
(29, 62000, 3500, 65500, '2023-08-01'),
(30, 89000, 7500, 96500, '2023-08-01'),
(31, 67000, 4000, 71000, '2023-08-01'),
(32, 73000, 5500, 78500, '2023-08-01'),
(33, 69000, 3000, 72000, '2023-08-01'),
(34, 75000, 7000, 82000, '2023-08-01'),
(35, 80000, 5000, 85000, '2023-08-01'),
(36, 65000, 4500, 69500, '2023-08-01'),
(37, 72000, 5500, 77500, '2023-08-01'),
(38, 80000, 6000, 86000, '2023-08-01'),
(39, 56000, 3500, 59500, '2023-08-01'),
(40, 67000, 5000, 72000, '2023-08-01'),
(41, 69000, 4000, 73000, '2023-08-01'),
(42, 71000, 3500, 74500, '2023-08-01'),
(43, 74000, 4500, 78500, '2023-08-01'),
(44, 76000, 6000, 82000, '2023-08-01'),
(45, 68000, 4000, 72000, '2023-08-01'),
(46, 69000, 5000, 74000, '2023-08-01'),
(47, 71000, 5500, 76500, '2023-08-01'),
(48, 73000, 6000, 79000, '2023-08-01'),
(49, 65000, 4000, 69000, '2023-08-01'),
(50, 62000, 3500, 65500, '2023-08-01'),
(51, 60000, 4500, 64500, '2023-08-01'),
(52, 63000, 4000, 67000, '2023-08-01'),
(53, 65000, 5000, 70000, '2023-08-01'),
(54, 70000, 4500, 74500, '2023-08-01'),
(55, 74000, 5000, 79000, '2023-08-01'),
(56, 68000, 4000, 72000, '2023-08-01'),
(57, 67000, 5500, 72500, '2023-08-01'),
(58, 72000, 6000, 78000, '2023-08-01'),
(59, 74000, 4500, 78500, '2023-08-01'),
(60, 68000, 3500, 71500, '2023-08-01'),
(61, 70000, 5000, 75000, '2023-08-01'),
(62, 62000, 3000, 65000, '2023-08-01'),
(63, 75000, 5500, 80500, '2023-08-01'),
(64, 73000, 4500, 77500, '2023-08-01'),
(65, 67000, 4000, 71000, '2023-08-01'),
(66, 72000, 6000, 78000, '2023-08-01'),
(67, 75000, 7000, 82000, '2023-08-01'),
(68, 68000, 5000, 73000, '2023-08-01'),
(69, 69000, 4500, 73500, '2023-08-01'),
(70, 73000, 6000, 79000, '2023-08-01'),
(71, 71000, 5000, 76000, '2023-08-01'),
(72, 69000, 5500, 74500, '2023-08-01'),
(73, 67000, 4000, 71000, '2023-08-01'),
(74, 62000, 4500, 66500, '2023-08-01'),
(75, 64000, 4000, 68000, '2023-08-01'),
(76, 66000, 5500, 71500, '2023-08-01'),
(77, 72000, 5000, 77000, '2023-08-01'),
(78, 68000, 4000, 72000, '2023-08-01'),
(79, 71000, 5500, 76500, '2023-08-01'),
(80, 73000, 6000, 79000, '2023-08-01'),
(81, 70000, 4500, 74500, '2023-08-01'),
(82, 65000, 4000, 69000, '2023-08-01'),
(83, 67000, 5000, 72000, '2023-08-01'),
(84, 69000, 5500, 74500, '2023-08-01'),
(85, 72000, 4000, 76000, '2023-08-01'),
(86, 73000, 5000, 78000, '2023-08-01'),
(87, 74000, 4500, 78500, '2023-08-01'),
(88, 69000, 4000, 73000, '2023-08-01'),
(89, 68000, 5000, 73000, '2023-08-01'),
(90, 67000, 5500, 72500, '2023-08-01'),
(91, 66000, 6000, 72000, '2023-08-01'),
(92, 72000, 5000, 77000, '2023-08-01'),
(93, 70000, 4000, 74000, '2023-08-01'),
(94, 68000, 5500, 73500, '2023-08-01'),
(95, 75000, 6000, 81000, '2023-08-01'),
(96, 73000, 5000, 78000, '2023-08-01'),
(97, 69000, 4500, 73500, '2023-08-01'),
(98, 72000, 4000, 76000, '2023-08-01'),
(99, 67000, 5500, 72500, '2023-08-01'),
(100, 68000, 5000, 73000, '2023-08-01'),
(1, 70000, 5000, 75000, '2023-08-01'),
(2, 80000, 6000, 86000, '2023-08-01'),
(3, 65000, 4500, 69500, '2023-08-01'),
(4, 72000, 5200, 77200, '2023-08-01'),
(5, 95000, 8000, 103000, '2023-08-01'),
(6, 83000, 6300, 89300, '2023-08-01'),
(7, 60000, 4000, 64000, '2023-08-01'),
(8, 88000, 7000, 95000, '2023-08-01'),
(9, 55000, 3500, 58500, '2023-08-01'),
(10, 90000, 7500, 97500, '2023-08-01'),
(11, 62000, 3000, 65000, '2023-08-01'),
(12, 72000, 4200, 76200, '2023-08-01'),
(13, 48000, 2000, 50000, '2023-08-01'),
(14, 53000, 2500, 55500, '2023-08-01'),
(15, 67000, 3500, 70500, '2023-08-01'),
(16, 75000, 4700, 79700, '2023-08-01'),
(17, 92000, 8000, 100000, '2023-08-01'),
(18, 61000, 2900, 63900, '2023-08-01'),
(19, 83000, 6200, 89200, '2023-08-01'),
(20, 72000, 4500, 76500, '2023-08-01'),
(21, 69000, 3500, 72500, '2023-08-01'),
(22, 85000, 7000, 92000, '2023-08-01'),
(23, 58000, 3000, 61000, '2023-08-01'),
(24, 70000, 5000, 75000, '2023-08-01'),
(25, 93000, 8000, 101000, '2023-08-01'),
(26, 64000, 4000, 68000, '2023-08-01'),
(27, 71000, 5500, 76500, '2023-08-01'),
(28, 78000, 6000, 84000, '2023-08-01'),
(29, 62000, 3500, 65500, '2023-08-01'),
(30, 89000, 7500, 96500, '2023-08-01'),
(31, 67000, 4000, 71000, '2023-08-01'),
(32, 73000, 5500, 78500, '2023-08-01'),
(33, 69000, 3000, 72000, '2023-08-01'),
(34, 75000, 7000, 82000, '2023-08-01'),
(35, 80000, 5000, 85000, '2023-08-01'),
(36, 65000, 4500, 69500, '2023-08-01'),
(37, 72000, 5500, 77500, '2023-08-01'),
(38, 80000, 6000, 86000, '2023-08-01'),
(39, 56000, 3500, 59500, '2023-08-01'),
(40, 67000, 5000, 72000, '2023-08-01'),
(41, 69000, 4000, 73000, '2023-08-01'),
(42, 71000, 3500, 74500, '2023-08-01'),
(43, 74000, 4500, 78500, '2023-08-01'),
(44, 76000, 6000, 82000, '2023-08-01'),
(45, 68000, 4000, 72000, '2023-08-01'),
(46, 69000, 5000, 74000, '2023-08-01'),
(47, 71000, 5500, 76500, '2023-08-01'),
(48, 73000, 6000, 79000, '2023-08-01'),
(49, 65000, 4000, 69000, '2023-08-01'),
(50, 62000, 3500, 65500, '2023-08-01'),
(51, 60000, 4500, 64500, '2023-08-01'),
(52, 63000, 4000, 67000, '2023-08-01'),
(53, 65000, 5000, 70000, '2023-08-01'),
(54, 70000, 4500, 74500, '2023-08-01'),
(55, 74000, 5000, 79000, '2023-08-01'),
(56, 68000, 4000, 72000, '2023-08-01'),
(57, 67000, 5500, 72500, '2023-08-01'),
(58, 72000, 6000, 78000, '2023-08-01'),
(59, 74000, 4500, 78500, '2023-08-01'),
(60, 68000, 3500, 71500, '2023-08-01'),
(61, 70000, 5000, 75000, '2023-08-01'),
(62, 62000, 3000, 65000, '2023-08-01'),
(63, 75000, 5500, 80500, '2023-08-01'),
(64, 73000, 4500, 77500, '2023-08-01'),
(65, 67000, 4000, 71000, '2023-08-01'),
(66, 72000, 6000, 78000, '2023-08-01'),
(67, 75000, 7000, 82000, '2023-08-01'),
(68, 68000, 5000, 73000, '2023-08-01'),
(69, 69000, 4500, 73500, '2023-08-01'),
(70, 73000, 6000, 79000, '2023-08-01'),
(71, 71000, 5000, 76000, '2023-08-01'),
(72, 69000, 5500, 74500, '2023-08-01'),
(73, 67000, 4000, 71000, '2023-08-01'),
(74, 62000, 4500, 66500, '2023-08-01'),
(75, 64000, 4000, 68000, '2023-08-01'),
(76, 66000, 5500, 71500, '2023-08-01'),
(77, 72000, 5000, 77000, '2023-08-01'),
(78, 68000, 4000, 72000, '2023-08-01'),
(79, 71000, 5500, 76500, '2023-08-01'),
(80, 73000, 6000, 79000, '2023-08-01'),
(81, 70000, 4500, 74500, '2023-08-01'),
(82, 65000, 4000, 69000, '2023-08-01'),
(83, 67000, 5000, 72000, '2023-08-01'),
(84, 69000, 5500, 74500, '2023-08-01'),
(85, 72000, 4000, 76000, '2023-08-01'),
(86, 73000, 5000, 78000, '2023-08-01'),
(87, 74000, 4500, 78500, '2023-08-01'),
(88, 69000, 4000, 73000, '2023-08-01'),
(89, 68000, 5000, 73000, '2023-08-01'),
(90, 67000, 5500, 72500, '2023-08-01'),
(91, 66000, 6000, 72000, '2023-08-01'),
(92, 72000, 5000, 77000, '2023-08-01'),
(93, 70000, 4000, 74000, '2023-08-01'),
(94, 68000, 5500, 73500, '2023-08-01'),
(95, 75000, 6000, 81000, '2023-08-01'),
(96, 73000, 5000, 78000, '2023-08-01'),
(97, 69000, 4500, 73500, '2023-08-01'),
(98, 72000, 4000, 76000, '2023-08-01'),
(99, 67000, 5500, 72500, '2023-08-01'),
(100, 68000, 5000, 73000, '2023-08-01'),
(1, 70000, 5000, 75000, '2023-08-01'),
(2, 80000, 6000, 86000, '2023-08-01'),
(3, 65000, 4500, 69500, '2023-08-01'),
(4, 72000, 5200, 77200, '2023-08-01'),
(5, 95000, 8000, 103000, '2023-08-01'),
(6, 83000, 6300, 89300, '2023-08-01'),
(7, 60000, 4000, 64000, '2023-08-01'),
(8, 88000, 7000, 95000, '2023-08-01'),
(9, 55000, 3500, 58500, '2023-08-01'),
(10, 90000, 7500, 97500, '2023-08-01'),
(11, 62000, 3000, 65000, '2023-08-01'),
(12, 72000, 4200, 76200, '2023-08-01'),
(13, 48000, 2000, 50000, '2023-08-01'),
(14, 53000, 2500, 55500, '2023-08-01'),
(15, 67000, 3500, 70500, '2023-08-01'),
(16, 75000, 4700, 79700, '2023-08-01'),
(17, 92000, 8000, 100000, '2023-08-01'),
(18, 61000, 2900, 63900, '2023-08-01'),
(19, 83000, 6200, 89200, '2023-08-01'),
(20, 72000, 4500, 76500, '2023-08-01'),
(21, 69000, 3500, 72500, '2023-08-01'),
(22, 85000, 7000, 92000, '2023-08-01'),
(23, 58000, 3000, 61000, '2023-08-01'),
(24, 70000, 5000, 75000, '2023-08-01'),
(25, 93000, 8000, 101000, '2023-08-01'),
(26, 64000, 4000, 68000, '2023-08-01'),
(27, 71000, 5500, 76500, '2023-08-01'),
(28, 78000, 6000, 84000, '2023-08-01'),
(29, 62000, 3500, 65500, '2023-08-01'),
(30, 89000, 7500, 96500, '2023-08-01'),
(31, 67000, 4000, 71000, '2023-08-01'),
(32, 73000, 5500, 78500, '2023-08-01'),
(33, 69000, 3000, 72000, '2023-08-01'),
(34, 75000, 7000, 82000, '2023-08-01'),
(35, 80000, 5000, 85000, '2023-08-01'),
(36, 65000, 4500, 69500, '2023-08-01'),
(37, 72000, 5500, 77500, '2023-08-01'),
(38, 80000, 6000, 86000, '2023-08-01'),
(39, 56000, 3500, 59500, '2023-08-01'),
(40, 67000, 5000, 72000, '2023-08-01'),
(41, 69000, 4000, 73000, '2023-08-01'),
(42, 71000, 3500, 74500, '2023-08-01'),
(43, 74000, 4500, 78500, '2023-08-01'),
(44, 76000, 6000, 82000, '2023-08-01'),
(45, 68000, 4000, 72000, '2023-08-01'),
(46, 69000, 5000, 74000, '2023-08-01'),
(47, 71000, 5500, 76500, '2023-08-01'),
(48, 73000, 6000, 79000, '2023-08-01'),
(49, 65000, 4000, 69000, '2023-08-01'),
(50, 62000, 3500, 65500, '2023-08-01'),
(51, 60000, 4500, 64500, '2023-08-01'),
(52, 63000, 4000, 67000, '2023-08-01'),
(53, 65000, 5000, 70000, '2023-08-01'),
(54, 70000, 4500, 74500, '2023-08-01'),
(55, 74000, 5000, 79000, '2023-08-01'),
(56, 68000, 4000, 72000, '2023-08-01'),
(57, 67000, 5500, 72500, '2023-08-01'),
(58, 72000, 6000, 78000, '2023-08-01'),
(59, 74000, 4500, 78500, '2023-08-01'),
(60, 68000, 3500, 71500, '2023-08-01'),
(61, 70000, 5000, 75000, '2023-08-01'),
(62, 62000, 3000, 65000, '2023-08-01'),
(63, 75000, 5500, 80500, '2023-08-01'),
(64, 73000, 4500, 77500, '2023-08-01'),
(65, 67000, 4000, 71000, '2023-08-01'),
(66, 72000, 6000, 78000, '2023-08-01'),
(67, 75000, 7000, 82000, '2023-08-01'),
(68, 68000, 5000, 73000, '2023-08-01'),
(69, 69000, 4500, 73500, '2023-08-01'),
(70, 73000, 6000, 79000, '2023-08-01'),
(71, 71000, 5000, 76000, '2023-08-01'),
(72, 69000, 5500, 74500, '2023-08-01'),
(73, 67000, 4000, 71000, '2023-08-01'),
(74, 62000, 4500, 66500, '2023-08-01'),
(75, 64000, 4000, 68000, '2023-08-01'),
(76, 66000, 5500, 71500, '2023-08-01'),
(77, 72000, 5000, 77000, '2023-08-01'),
(78, 68000, 4000, 72000, '2023-08-01'),
(79, 71000, 5500, 76500, '2023-08-01'),
(80, 73000, 6000, 79000, '2023-08-01'),
(81, 70000, 4500, 74500, '2023-08-01'),
(82, 65000, 4000, 69000, '2023-08-01'),
(83, 67000, 5000, 72000, '2023-08-01'),
(84, 69000, 5500, 74500, '2023-08-01'),
(85, 72000, 4000, 76000, '2023-08-01'),
(86, 73000, 5000, 78000, '2023-08-01'),
(87, 74000, 4500, 78500, '2023-08-01'),
(88, 69000, 4000, 73000, '2023-08-01'),
(89, 68000, 5000, 73000, '2023-08-01'),
(90, 67000, 5500, 72500, '2023-08-01'),
(91, 66000, 6000, 72000, '2023-08-01'),
(92, 72000, 5000, 77000, '2023-08-01'),
(93, 70000, 4000, 74000, '2023-08-01'),
(94, 68000, 5500, 73500, '2023-08-01'),
(95, 75000, 6000, 81000, '2023-08-01'),
(96, 73000, 5000, 78000, '2023-08-01'),
(97, 69000, 4500, 73500, '2023-08-01'),
(98, 72000, 4000, 76000, '2023-08-01'),
(99, 67000, 5500, 72500, '2023-08-01'),
(100, 68000, 5000, 73000, '2023-08-01'),
(1, 70000, 5000, 75000, '2023-08-01'),
(2, 80000, 6000, 86000, '2023-08-01'),
(3, 65000, 4500, 69500, '2023-08-01'),
(4, 72000, 5200, 77200, '2023-08-01'),
(5, 95000, 8000, 103000, '2023-08-01'),
(6, 83000, 6300, 89300, '2023-08-01'),
(7, 60000, 4000, 64000, '2023-08-01'),
(8, 88000, 7000, 95000, '2023-08-01'),
(9, 55000, 3500, 58500, '2023-08-01'),
(10, 90000, 7500, 97500, '2023-08-01'),
(11, 62000, 3000, 65000, '2023-08-01'),
(12, 72000, 4200, 76200, '2023-08-01'),
(13, 48000, 2000, 50000, '2023-08-01'),
(14, 53000, 2500, 55500, '2023-08-01'),
(15, 67000, 3500, 70500, '2023-08-01'),
(16, 75000, 4700, 79700, '2023-08-01'),
(17, 92000, 8000, 100000, '2023-08-01'),
(18, 61000, 2900, 63900, '2023-08-01'),
(19, 83000, 6200, 89200, '2023-08-01'),
(20, 72000, 4500, 76500, '2023-08-01'),
(21, 69000, 3500, 72500, '2023-08-01'),
(22, 85000, 7000, 92000, '2023-08-01'),
(23, 58000, 3000, 61000, '2023-08-01'),
(24, 70000, 5000, 75000, '2023-08-01'),
(25, 93000, 8000, 101000, '2023-08-01'),
(26, 64000, 4000, 68000, '2023-08-01'),
(27, 71000, 5500, 76500, '2023-08-01'),
(28, 78000, 6000, 84000, '2023-08-01'),
(29, 62000, 3500, 65500, '2023-08-01'),
(30, 89000, 7500, 96500, '2023-08-01'),
(31, 67000, 4000, 71000, '2023-08-01'),
(32, 73000, 5500, 78500, '2023-08-01'),
(33, 69000, 3000, 72000, '2023-08-01'),
(34, 75000, 7000, 82000, '2023-08-01'),
(35, 80000, 5000, 85000, '2023-08-01'),
(36, 65000, 4500, 69500, '2023-08-01'),
(37, 72000, 5500, 77500, '2023-08-01'),
(38, 80000, 6000, 86000, '2023-08-01'),
(39, 56000, 3500, 59500, '2023-08-01'),
(40, 67000, 5000, 72000, '2023-08-01'),
(41, 69000, 4000, 73000, '2023-08-01'),
(42, 71000, 3500, 74500, '2023-08-01'),
(43, 74000, 4500, 78500, '2023-08-01'),
(44, 76000, 6000, 82000, '2023-08-01'),
(45, 68000, 4000, 72000, '2023-08-01'),
(46, 69000, 5000, 74000, '2023-08-01'),
(47, 71000, 5500, 76500, '2023-08-01'),
(48, 73000, 6000, 79000, '2023-08-01'),
(49, 65000, 4000, 69000, '2023-08-01'),
(50, 62000, 3500, 65500, '2023-08-01'),
(51, 60000, 4500, 64500, '2023-08-01'),
(52, 63000, 4000, 67000, '2023-08-01'),
(53, 65000, 5000, 70000, '2023-08-01'),
(54, 70000, 4500, 74500, '2023-08-01'),
(55, 74000, 5000, 79000, '2023-08-01'),
(56, 68000, 4000, 72000, '2023-08-01'),
(57, 67000, 5500, 72500, '2023-08-01'),
(58, 72000, 6000, 78000, '2023-08-01'),
(59, 74000, 4500, 78500, '2023-08-01'),
(60, 68000, 3500, 71500, '2023-08-01'),
(61, 70000, 5000, 75000, '2023-08-01'),
(62, 62000, 3000, 65000, '2023-08-01'),
(63, 75000, 5500, 80500, '2023-08-01'),
(64, 73000, 4500, 77500, '2023-08-01'),
(65, 67000, 4000, 71000, '2023-08-01'),
(66, 72000, 6000, 78000, '2023-08-01'),
(67, 75000, 7000, 82000, '2023-08-01'),
(68, 68000, 5000, 73000, '2023-08-01'),
(69, 69000, 4500, 73500, '2023-08-01'),
(70, 73000, 6000, 79000, '2023-08-01'),
(71, 71000, 5000, 76000, '2023-08-01'),
(72, 69000, 5500, 74500, '2023-08-01'),
(73, 67000, 4000, 71000, '2023-08-01'),
(74, 62000, 4500, 66500, '2023-08-01'),
(75, 64000, 4000, 68000, '2023-08-01'),
(76, 66000, 5500, 71500, '2023-08-01'),
(77, 72000, 5000, 77000, '2023-08-01'),
(78, 68000, 4000, 72000, '2023-08-01'),
(79, 71000, 5500, 76500, '2023-08-01'),
(80, 73000, 6000, 79000, '2023-08-01'),
(81, 70000, 4500, 74500, '2023-08-01'),
(82, 65000, 4000, 69000, '2023-08-01'),
(83, 67000, 5000, 72000, '2023-08-01'),
(84, 69000, 5500, 74500, '2023-08-01'),
(85, 72000, 4000, 76000, '2023-08-01'),
(86, 73000, 5000, 78000, '2023-08-01'),
(87, 74000, 4500, 78500, '2023-08-01'),
(88, 69000, 4000, 73000, '2023-08-01'),
(89, 68000, 5000, 73000, '2023-08-01'),
(90, 67000, 5500, 72500, '2023-08-01'),
(91, 66000, 6000, 72000, '2023-08-01'),
(92, 72000, 5000, 77000, '2023-08-01'),
(93, 70000, 4000, 74000, '2023-08-01'),
(94, 68000, 5500, 73500, '2023-08-01'),
(95, 75000, 6000, 81000, '2023-08-01'),
(96, 73000, 5000, 78000, '2023-08-01'),
(97, 69000, 4500, 73500, '2023-08-01'),
(98, 72000, 4000, 76000, '2023-08-01'),
(99, 67000, 5500, 72500, '2023-08-01'),
(100, 68000, 5000, 73000, '2023-08-01'),
(1, 70000, 5000, 75000, '2023-08-01'),
(2, 80000, 6000, 86000, '2023-08-01'),
(3, 65000, 4500, 69500, '2023-08-01'),
(4, 72000, 5200, 77200, '2023-08-01'),
(5, 95000, 8000, 103000, '2023-08-01'),
(6, 83000, 6300, 89300, '2023-08-01'),
(7, 60000, 4000, 64000, '2023-08-01'),
(8, 88000, 7000, 95000, '2023-08-01'),
(9, 55000, 3500, 58500, '2023-08-01'),
(10, 90000, 7500, 97500, '2023-08-01'),
(11, 62000, 3000, 65000, '2023-08-01'),
(12, 72000, 4200, 76200, '2023-08-01'),
(13, 48000, 2000, 50000, '2023-08-01'),
(14, 53000, 2500, 55500, '2023-08-01'),
(15, 67000, 3500, 70500, '2023-08-01'),
(16, 75000, 4700, 79700, '2023-08-01'),
(17, 92000, 8000, 100000, '2023-08-01'),
(18, 61000, 2900, 63900, '2023-08-01'),
(19, 83000, 6200, 89200, '2023-08-01'),
(20, 72000, 4500, 76500, '2023-08-01'),
(21, 69000, 3500, 72500, '2023-08-01'),
(22, 85000, 7000, 92000, '2023-08-01'),
(23, 58000, 3000, 61000, '2023-08-01'),
(24, 70000, 5000, 75000, '2023-08-01'),
(25, 93000, 8000, 101000, '2023-08-01'),
(26, 64000, 4000, 68000, '2023-08-01'),
(27, 71000, 5500, 76500, '2023-08-01'),
(28, 78000, 6000, 84000, '2023-08-01'),
(29, 62000, 3500, 65500, '2023-08-01'),
(30, 89000, 7500, 96500, '2023-08-01'),
(31, 67000, 4000, 71000, '2023-08-01'),
(32, 73000, 5500, 78500, '2023-08-01'),
(33, 69000, 3000, 72000, '2023-08-01'),
(34, 75000, 7000, 82000, '2023-08-01'),
(35, 80000, 5000, 85000, '2023-08-01'),
(36, 65000, 4500, 69500, '2023-08-01'),
(37, 72000, 5500, 77500, '2023-08-01'),
(38, 80000, 6000, 86000, '2023-08-01'),
(39, 56000, 3500, 59500, '2023-08-01'),
(40, 67000, 5000, 72000, '2023-08-01'),
(41, 69000, 4000, 73000, '2023-08-01'),
(42, 71000, 3500, 74500, '2023-08-01'),
(43, 74000, 4500, 78500, '2023-08-01'),
(44, 76000, 6000, 82000, '2023-08-01'),
(45, 68000, 4000, 72000, '2023-08-01'),
(46, 69000, 5000, 74000, '2023-08-01'),
(47, 71000, 5500, 76500, '2023-08-01'),
(48, 73000, 6000, 79000, '2023-08-01'),
(49, 65000, 4000, 69000, '2023-08-01'),
(50, 62000, 3500, 65500, '2023-08-01'),
(51, 60000, 4500, 64500, '2023-08-01'),
(52, 63000, 4000, 67000, '2023-08-01'),
(53, 65000, 5000, 70000, '2023-08-01'),
(54, 70000, 4500, 74500, '2023-08-01'),
(55, 74000, 5000, 79000, '2023-08-01'),
(56, 68000, 4000, 72000, '2023-08-01'),
(57, 67000, 5500, 72500, '2023-08-01'),
(58, 72000, 6000, 78000, '2023-08-01'),
(59, 74000, 4500, 78500, '2023-08-01'),
(60, 68000, 3500, 71500, '2023-08-01'),
(61, 70000, 5000, 75000, '2023-08-01'),
(62, 62000, 3000, 65000, '2023-08-01'),
(63, 75000, 5500, 80500, '2023-08-01'),
(64, 73000, 4500, 77500, '2023-08-01'),
(65, 67000, 4000, 71000, '2023-08-01'),
(66, 72000, 6000, 78000, '2023-08-01'),
(67, 75000, 7000, 82000, '2023-08-01'),
(68, 68000, 5000, 73000, '2023-08-01'),
(69, 69000, 4500, 73500, '2023-08-01'),
(70, 73000, 6000, 79000, '2023-08-01'),
(71, 71000, 5000, 76000, '2023-08-01'),
(72, 69000, 5500, 74500, '2023-08-01'),
(73, 67000, 4000, 71000, '2023-08-01'),
(74, 62000, 4500, 66500, '2023-08-01'),
(75, 64000, 4000, 68000, '2023-08-01'),
(76, 66000, 5500, 71500, '2023-08-01'),
(77, 72000, 5000, 77000, '2023-08-01'),
(78, 68000, 4000, 72000, '2023-08-01'),
(79, 71000, 5500, 76500, '2023-08-01'),
(80, 73000, 6000, 79000, '2023-08-01'),
(81, 70000, 4500, 74500, '2023-08-01'),
(82, 65000, 4000, 69000, '2023-08-01'),
(83, 67000, 5000, 72000, '2023-08-01'),
(84, 69000, 5500, 74500, '2023-08-01'),
(85, 72000, 4000, 76000, '2023-08-01'),
(86, 73000, 5000, 78000, '2023-08-01'),
(87, 74000, 4500, 78500, '2023-08-01'),
(88, 69000, 4000, 73000, '2023-08-01'),
(89, 68000, 5000, 73000, '2023-08-01'),
(90, 67000, 5500, 72500, '2023-08-01'),
(91, 66000, 6000, 72000, '2023-08-01'),
(92, 72000, 5000, 77000, '2023-08-01'),
(93, 70000, 4000, 74000, '2023-08-01'),
(94, 68000, 5500, 73500, '2023-08-01'),
(95, 75000, 6000, 81000, '2023-08-01'),
(96, 73000, 5000, 78000, '2023-08-01'),
(97, 69000, 4500, 73500, '2023-08-01'),
(98, 72000, 4000, 76000, '2023-08-01'),
(99, 67000, 5500, 72500, '2023-08-01'),
(100, 68000, 5000, 73000, '2023-08-01'),
(1, 70000, 5000, 75000, '2023-08-01'),
(2, 80000, 6000, 86000, '2023-08-01'),
(3, 65000, 4500, 69500, '2023-08-01'),
(4, 72000, 5200, 77200, '2023-08-01'),
(5, 95000, 8000, 103000, '2023-08-01'),
(6, 83000, 6300, 89300, '2023-08-01'),
(7, 60000, 4000, 64000, '2023-08-01'),
(8, 88000, 7000, 95000, '2023-08-01'),
(9, 55000, 3500, 58500, '2023-08-01'),
(10, 90000, 7500, 97500, '2023-08-01'),
(11, 62000, 3000, 65000, '2023-08-01'),
(12, 72000, 4200, 76200, '2023-08-01'),
(13, 48000, 2000, 50000, '2023-08-01'),
(14, 53000, 2500, 55500, '2023-08-01'),
(15, 67000, 3500, 70500, '2023-08-01'),
(16, 75000, 4700, 79700, '2023-08-01'),
(17, 92000, 8000, 100000, '2023-08-01'),
(18, 61000, 2900, 63900, '2023-08-01'),
(19, 83000, 6200, 89200, '2023-08-01'),
(20, 72000, 4500, 76500, '2023-08-01'),
(21, 69000, 3500, 72500, '2023-08-01'),
(22, 85000, 7000, 92000, '2023-08-01'),
(23, 58000, 3000, 61000, '2023-08-01'),
(24, 70000, 5000, 75000, '2023-08-01'),
(25, 93000, 8000, 101000, '2023-08-01'),
(26, 64000, 4000, 68000, '2023-08-01'),
(27, 71000, 5500, 76500, '2023-08-01'),
(28, 78000, 6000, 84000, '2023-08-01'),
(29, 62000, 3500, 65500, '2023-08-01'),
(30, 89000, 7500, 96500, '2023-08-01'),
(31, 67000, 4000, 71000, '2023-08-01'),
(32, 73000, 5500, 78500, '2023-08-01'),
(33, 69000, 3000, 72000, '2023-08-01'),
(34, 75000, 7000, 82000, '2023-08-01'),
(35, 80000, 5000, 85000, '2023-08-01'),
(36, 65000, 4500, 69500, '2023-08-01'),
(37, 72000, 5500, 77500, '2023-08-01'),
(38, 80000, 6000, 86000, '2023-08-01'),
(39, 56000, 3500, 59500, '2023-08-01'),
(40, 67000, 5000, 72000, '2023-08-01'),
(41, 69000, 4000, 73000, '2023-08-01'),
(42, 71000, 3500, 74500, '2023-08-01'),
(43, 74000, 4500, 78500, '2023-08-01'),
(44, 76000, 6000, 82000, '2023-08-01'),
(45, 68000, 4000, 72000, '2023-08-01'),
(46, 69000, 5000, 74000, '2023-08-01'),
(47, 71000, 5500, 76500, '2023-08-01'),
(48, 73000, 6000, 79000, '2023-08-01'),
(49, 65000, 4000, 69000, '2023-08-01'),
(50, 62000, 3500, 65500, '2023-08-01'),
(51, 60000, 4500, 64500, '2023-08-01'),
(52, 63000, 4000, 67000, '2023-08-01'),
(53, 65000, 5000, 70000, '2023-08-01'),
(54, 70000, 4500, 74500, '2023-08-01'),
(55, 74000, 5000, 79000, '2023-08-01'),
(56, 68000, 4000, 72000, '2023-08-01'),
(57, 67000, 5500, 72500, '2023-08-01'),
(58, 72000, 6000, 78000, '2023-08-01'),
(59, 74000, 4500, 78500, '2023-08-01'),
(60, 68000, 3500, 71500, '2023-08-01'),
(61, 70000, 5000, 75000, '2023-08-01'),
(62, 62000, 3000, 65000, '2023-08-01'),
(63, 75000, 5500, 80500, '2023-08-01'),
(64, 73000, 4500, 77500, '2023-08-01'),
(65, 67000, 4000, 71000, '2023-08-01'),
(66, 72000, 6000, 78000, '2023-08-01'),
(67, 75000, 7000, 82000, '2023-08-01'),
(68, 68000, 5000, 73000, '2023-08-01'),
(69, 69000, 4500, 73500, '2023-08-01'),
(70, 73000, 6000, 79000, '2023-08-01'),
(71, 71000, 5000, 76000, '2023-08-01'),
(72, 69000, 5500, 74500, '2023-08-01'),
(73, 67000, 4000, 71000, '2023-08-01'),
(74, 62000, 4500, 66500, '2023-08-01'),
(75, 64000, 4000, 68000, '2023-08-01'),
(76, 66000, 5500, 71500, '2023-08-01'),
(77, 72000, 5000, 77000, '2023-08-01'),
(78, 68000, 4000, 72000, '2023-08-01'),
(79, 71000, 5500, 76500, '2023-08-01'),
(80, 73000, 6000, 79000, '2023-08-01'),
(81, 70000, 4500, 74500, '2023-08-01'),
(82, 65000, 4000, 69000, '2023-08-01'),
(83, 67000, 5000, 72000, '2023-08-01'),
(84, 69000, 5500, 74500, '2023-08-01'),
(85, 72000, 4000, 76000, '2023-08-01'),
(86, 73000, 5000, 78000, '2023-08-01'),
(87, 74000, 4500, 78500, '2023-08-01'),
(88, 69000, 4000, 73000, '2023-08-01'),
(89, 68000, 5000, 73000, '2023-08-01'),
(90, 67000, 5500, 72500, '2023-08-01'),
(91, 66000, 6000, 72000, '2023-08-01'),
(92, 72000, 5000, 77000, '2023-08-01'),
(93, 70000, 4000, 74000, '2023-08-01'),
(94, 68000, 5500, 73500, '2023-08-01'),
(95, 75000, 6000, 81000, '2023-08-01'),
(96, 73000, 5000, 78000, '2023-08-01'),
(97, 69000, 4500, 73500, '2023-08-01'),
(98, 72000, 4000, 76000, '2023-08-01'),
(99, 67000, 5500, 72500, '2023-08-01'),
(100, 68000, 5000, 73000, '2023-08-01'),
(1, 70000, 5000, 75000, '2023-08-01'),
(2, 80000, 6000, 86000, '2023-08-01'),
(3, 65000, 4500, 69500, '2023-08-01'),
(4, 72000, 5200, 77200, '2023-08-01'),
(5, 95000, 8000, 103000, '2023-08-01'),
(6, 83000, 6300, 89300, '2023-08-01'),
(7, 60000, 4000, 64000, '2023-08-01'),
(8, 88000, 7000, 95000, '2023-08-01'),
(9, 55000, 3500, 58500, '2023-08-01'),
(10, 90000, 7500, 97500, '2023-08-01'),
(11, 62000, 3000, 65000, '2023-08-01'),
(12, 72000, 4200, 76200, '2023-08-01'),
(13, 48000, 2000, 50000, '2023-08-01'),
(14, 53000, 2500, 55500, '2023-08-01'),
(15, 67000, 3500, 70500, '2023-08-01'),
(16, 75000, 4700, 79700, '2023-08-01'),
(17, 92000, 8000, 100000, '2023-08-01'),
(18, 61000, 2900, 63900, '2023-08-01'),
(19, 83000, 6200, 89200, '2023-08-01'),
(20, 72000, 4500, 76500, '2023-08-01'),
(21, 69000, 3500, 72500, '2023-08-01'),
(22, 85000, 7000, 92000, '2023-08-01'),
(23, 58000, 3000, 61000, '2023-08-01'),
(24, 70000, 5000, 75000, '2023-08-01'),
(25, 93000, 8000, 101000, '2023-08-01'),
(26, 64000, 4000, 68000, '2023-08-01'),
(27, 71000, 5500, 76500, '2023-08-01'),
(28, 78000, 6000, 84000, '2023-08-01'),
(29, 62000, 3500, 65500, '2023-08-01'),
(30, 89000, 7500, 96500, '2023-08-01'),
(31, 67000, 4000, 71000, '2023-08-01'),
(32, 73000, 5500, 78500, '2023-08-01'),
(33, 69000, 3000, 72000, '2023-08-01'),
(34, 75000, 7000, 82000, '2023-08-01'),
(35, 80000, 5000, 85000, '2023-08-01'),
(36, 65000, 4500, 69500, '2023-08-01'),
(37, 72000, 5500, 77500, '2023-08-01'),
(38, 80000, 6000, 86000, '2023-08-01'),
(39, 56000, 3500, 59500, '2023-08-01'),
(40, 67000, 5000, 72000, '2023-08-01'),
(41, 69000, 4000, 73000, '2023-08-01'),
(42, 71000, 3500, 74500, '2023-08-01'),
(43, 74000, 4500, 78500, '2023-08-01'),
(44, 76000, 6000, 82000, '2023-08-01'),
(45, 68000, 4000, 72000, '2023-08-01'),
(46, 69000, 5000, 74000, '2023-08-01'),
(47, 71000, 5500, 76500, '2023-08-01'),
(48, 73000, 6000, 79000, '2023-08-01'),
(49, 65000, 4000, 69000, '2023-08-01'),
(50, 62000, 3500, 65500, '2023-08-01'),
(51, 60000, 4500, 64500, '2023-08-01'),
(52, 63000, 4000, 67000, '2023-08-01'),
(53, 65000, 5000, 70000, '2023-08-01'),
(54, 70000, 4500, 74500, '2023-08-01'),
(55, 74000, 5000, 79000, '2023-08-01'),
(56, 68000, 4000, 72000, '2023-08-01'),
(57, 67000, 5500, 72500, '2023-08-01'),
(58, 72000, 6000, 78000, '2023-08-01'),
(59, 74000, 4500, 78500, '2023-08-01'),
(60, 68000, 3500, 71500, '2023-08-01'),
(61, 70000, 5000, 75000, '2023-08-01'),
(62, 62000, 3000, 65000, '2023-08-01'),
(63, 75000, 5500, 80500, '2023-08-01'),
(64, 73000, 4500, 77500, '2023-08-01'),
(65, 67000, 4000, 71000, '2023-08-01'),
(66, 72000, 6000, 78000, '2023-08-01'),
(67, 75000, 7000, 82000, '2023-08-01'),
(68, 68000, 5000, 73000, '2023-08-01'),
(69, 69000, 4500, 73500, '2023-08-01'),
(70, 73000, 6000, 79000, '2023-08-01'),
(71, 71000, 5000, 76000, '2023-08-01'),
(72, 69000, 5500, 74500, '2023-08-01'),
(73, 67000, 4000, 71000, '2023-08-01'),
(74, 62000, 4500, 66500, '2023-08-01'),
(75, 64000, 4000, 68000, '2023-08-01'),
(76, 66000, 5500, 71500, '2023-08-01'),
(77, 72000, 5000, 77000, '2023-08-01'),
(78, 68000, 4000, 72000, '2023-08-01'),
(79, 71000, 5500, 76500, '2023-08-01'),
(80, 73000, 6000, 79000, '2023-08-01'),
(81, 70000, 4500, 74500, '2023-08-01'),
(82, 65000, 4000, 69000, '2023-08-01'),
(83, 67000, 5000, 72000, '2023-08-01'),
(84, 69000, 5500, 74500, '2023-08-01'),
(85, 72000, 4000, 76000, '2023-08-01'),
(86, 73000, 5000, 78000, '2023-08-01'),
(87, 74000, 4500, 78500, '2023-08-01'),
(88, 69000, 4000, 73000, '2023-08-01'),
(89, 68000, 5000, 73000, '2023-08-01'),
(90, 67000, 5500, 72500, '2023-08-01'),
(91, 66000, 6000, 72000, '2023-08-01'),
(92, 72000, 5000, 77000, '2023-08-01'),
(93, 70000, 4000, 74000, '2023-08-01'),
(94, 68000, 5500, 73500, '2023-08-01'),
(95, 75000, 6000, 81000, '2023-08-01'),
(96, 73000, 5000, 78000, '2023-08-01'),
(97, 69000, 4500, 73500, '2023-08-01'),
(98, 72000, 4000, 76000, '2023-08-01'),
(99, 67000, 5500, 72500, '2023-08-01'),
(100, 68000, 5000, 73000, '2023-08-01'),
(1, 70000, 5000, 75000, '2023-08-01'),
(2, 80000, 6000, 86000, '2023-08-01'),
(3, 65000, 4500, 69500, '2023-08-01'),
(4, 72000, 5200, 77200, '2023-08-01'),
(5, 95000, 8000, 103000, '2023-08-01'),
(6, 83000, 6300, 89300, '2023-08-01'),
(7, 60000, 4000, 64000, '2023-08-01'),
(8, 88000, 7000, 95000, '2023-08-01'),
(9, 55000, 3500, 58500, '2023-08-01'),
(10, 90000, 7500, 97500, '2023-08-01'),
(11, 62000, 3000, 65000, '2023-08-01'),
(12, 72000, 4200, 76200, '2023-08-01'),
(13, 48000, 2000, 50000, '2023-08-01'),
(14, 53000, 2500, 55500, '2023-08-01'),
(15, 67000, 3500, 70500, '2023-08-01'),
(16, 75000, 4700, 79700, '2023-08-01'),
(17, 92000, 8000, 100000, '2023-08-01'),
(18, 61000, 2900, 63900, '2023-08-01'),
(19, 83000, 6200, 89200, '2023-08-01'),
(20, 72000, 4500, 76500, '2023-08-01'),
(21, 69000, 3500, 72500, '2023-08-01'),
(22, 85000, 7000, 92000, '2023-08-01'),
(23, 58000, 3000, 61000, '2023-08-01'),
(24, 70000, 5000, 75000, '2023-08-01'),
(25, 93000, 8000, 101000, '2023-08-01'),
(26, 64000, 4000, 68000, '2023-08-01'),
(27, 71000, 5500, 76500, '2023-08-01'),
(28, 78000, 6000, 84000, '2023-08-01'),
(29, 62000, 3500, 65500, '2023-08-01'),
(30, 89000, 7500, 96500, '2023-08-01'),
(31, 67000, 4000, 71000, '2023-08-01'),
(32, 73000, 5500, 78500, '2023-08-01'),
(33, 69000, 3000, 72000, '2023-08-01'),
(34, 75000, 7000, 82000, '2023-08-01'),
(35, 80000, 5000, 85000, '2023-08-01'),
(36, 65000, 4500, 69500, '2023-08-01'),
(37, 72000, 5500, 77500, '2023-08-01'),
(38, 80000, 6000, 86000, '2023-08-01'),
(39, 56000, 3500, 59500, '2023-08-01'),
(40, 67000, 5000, 72000, '2023-08-01'),
(41, 69000, 4000, 73000, '2023-08-01'),
(42, 71000, 3500, 74500, '2023-08-01'),
(43, 74000, 4500, 78500, '2023-08-01'),
(44, 76000, 6000, 82000, '2023-08-01'),
(45, 68000, 4000, 72000, '2023-08-01'),
(46, 69000, 5000, 74000, '2023-08-01'),
(47, 71000, 5500, 76500, '2023-08-01'),
(48, 73000, 6000, 79000, '2023-08-01'),
(49, 65000, 4000, 69000, '2023-08-01'),
(50, 62000, 3500, 65500, '2023-08-01'),
(51, 60000, 4500, 64500, '2023-08-01'),
(52, 63000, 4000, 67000, '2023-08-01'),
(53, 65000, 5000, 70000, '2023-08-01'),
(54, 70000, 4500, 74500, '2023-08-01'),
(55, 74000, 5000, 79000, '2023-08-01'),
(56, 68000, 4000, 72000, '2023-08-01'),
(57, 67000, 5500, 72500, '2023-08-01'),
(58, 72000, 6000, 78000, '2023-08-01'),
(59, 74000, 4500, 78500, '2023-08-01'),
(60, 68000, 3500, 71500, '2023-08-01'),
(61, 70000, 5000, 75000, '2023-08-01'),
(62, 62000, 3000, 65000, '2023-08-01'),
(63, 75000, 5500, 80500, '2023-08-01'),
(64, 73000, 4500, 77500, '2023-08-01'),
(65, 67000, 4000, 71000, '2023-08-01'),
(66, 72000, 6000, 78000, '2023-08-01'),
(67, 75000, 7000, 82000, '2023-08-01'),
(68, 68000, 5000, 73000, '2023-08-01'),
(69, 69000, 4500, 73500, '2023-08-01'),
(70, 73000, 6000, 79000, '2023-08-01'),
(71, 71000, 5000, 76000, '2023-08-01'),
(72, 69000, 5500, 74500, '2023-08-01'),
(73, 67000, 4000, 71000, '2023-08-01'),
(74, 62000, 4500, 66500, '2023-08-01'),
(75, 64000, 4000, 68000, '2023-08-01'),
(76, 66000, 5500, 71500, '2023-08-01'),
(77, 72000, 5000, 77000, '2023-08-01'),
(78, 68000, 4000, 72000, '2023-08-01'),
(79, 71000, 5500, 76500, '2023-08-01'),
(80, 73000, 6000, 79000, '2023-08-01'),
(81, 70000, 4500, 74500, '2023-08-01'),
(82, 65000, 4000, 69000, '2023-08-01'),
(83, 67000, 5000, 72000, '2023-08-01'),
(84, 69000, 5500, 74500, '2023-08-01'),
(85, 72000, 4000, 76000, '2023-08-01'),
(86, 73000, 5000, 78000, '2023-08-01'),
(87, 74000, 4500, 78500, '2023-08-01'),
(88, 69000, 4000, 73000, '2023-08-01'),
(89, 68000, 5000, 73000, '2023-08-01'),
(90, 67000, 5500, 72500, '2023-08-01'),
(91, 66000, 6000, 72000, '2023-08-01'),
(92, 72000, 5000, 77000, '2023-08-01'),
(93, 70000, 4000, 74000, '2023-08-01'),
(94, 68000, 5500, 73500, '2023-08-01'),
(95, 75000, 6000, 81000, '2023-08-01'),
(96, 73000, 5000, 78000, '2023-08-01'),
(97, 69000, 4500, 73500, '2023-08-01'),
(98, 72000, 4000, 76000, '2023-08-01'),
(99, 67000, 5500, 72500, '2023-08-01'),
(100, 68000, 5000, 73000, '2023-08-01'),
(1, 70000, 5000, 75000, '2023-08-01'),
(2, 80000, 6000, 86000, '2023-08-01'),
(3, 65000, 4500, 69500, '2023-08-01'),
(4, 72000, 5200, 77200, '2023-08-01'),
(5, 95000, 8000, 103000, '2023-08-01'),
(6, 83000, 6300, 89300, '2023-08-01'),
(7, 60000, 4000, 64000, '2023-08-01'),
(8, 88000, 7000, 95000, '2023-08-01'),
(9, 55000, 3500, 58500, '2023-08-01'),
(10, 90000, 7500, 97500, '2023-08-01'),
(11, 62000, 3000, 65000, '2023-08-01'),
(12, 72000, 4200, 76200, '2023-08-01'),
(13, 48000, 2000, 50000, '2023-08-01'),
(14, 53000, 2500, 55500, '2023-08-01'),
(15, 67000, 3500, 70500, '2023-08-01'),
(16, 75000, 4700, 79700, '2023-08-01'),
(17, 92000, 8000, 100000, '2023-08-01'),
(18, 61000, 2900, 63900, '2023-08-01'),
(19, 83000, 6200, 89200, '2023-08-01'),
(20, 72000, 4500, 76500, '2023-08-01'),
(21, 69000, 3500, 72500, '2023-08-01'),
(22, 85000, 7000, 92000, '2023-08-01'),
(23, 58000, 3000, 61000, '2023-08-01'),
(24, 70000, 5000, 75000, '2023-08-01'),
(25, 93000, 8000, 101000, '2023-08-01'),
(26, 64000, 4000, 68000, '2023-08-01'),
(27, 71000, 5500, 76500, '2023-08-01'),
(28, 78000, 6000, 84000, '2023-08-01'),
(29, 62000, 3500, 65500, '2023-08-01'),
(30, 89000, 7500, 96500, '2023-08-01'),
(31, 67000, 4000, 71000, '2023-08-01'),
(32, 73000, 5500, 78500, '2023-08-01'),
(33, 69000, 3000, 72000, '2023-08-01'),
(34, 75000, 7000, 82000, '2023-08-01'),
(35, 80000, 5000, 85000, '2023-08-01'),
(36, 65000, 4500, 69500, '2023-08-01'),
(37, 72000, 5500, 77500, '2023-08-01'),
(38, 80000, 6000, 86000, '2023-08-01'),
(39, 56000, 3500, 59500, '2023-08-01'),
(40, 67000, 5000, 72000, '2023-08-01'),
(41, 69000, 4000, 73000, '2023-08-01'),
(42, 71000, 3500, 74500, '2023-08-01'),
(43, 74000, 4500, 78500, '2023-08-01'),
(44, 76000, 6000, 82000, '2023-08-01'),
(45, 68000, 4000, 72000, '2023-08-01'),
(46, 69000, 5000, 74000, '2023-08-01'),
(47, 71000, 5500, 76500, '2023-08-01'),
(48, 73000, 6000, 79000, '2023-08-01'),
(49, 65000, 4000, 69000, '2023-08-01'),
(50, 62000, 3500, 65500, '2023-08-01'),
(51, 60000, 4500, 64500, '2023-08-01'),
(52, 63000, 4000, 67000, '2023-08-01'),
(53, 65000, 5000, 70000, '2023-08-01'),
(54, 70000, 4500, 74500, '2023-08-01'),
(55, 74000, 5000, 79000, '2023-08-01'),
(56, 68000, 4000, 72000, '2023-08-01'),
(57, 67000, 5500, 72500, '2023-08-01'),
(58, 72000, 6000, 78000, '2023-08-01'),
(59, 74000, 4500, 78500, '2023-08-01'),
(60, 68000, 3500, 71500, '2023-08-01'),
(61, 70000, 5000, 75000, '2023-08-01'),
(62, 62000, 3000, 65000, '2023-08-01'),
(63, 75000, 5500, 80500, '2023-08-01'),
(64, 73000, 4500, 77500, '2023-08-01'),
(65, 67000, 4000, 71000, '2023-08-01'),
(66, 72000, 6000, 78000, '2023-08-01'),
(67, 75000, 7000, 82000, '2023-08-01'),
(68, 68000, 5000, 73000, '2023-08-01'),
(69, 69000, 4500, 73500, '2023-08-01'),
(70, 73000, 6000, 79000, '2023-08-01'),
(71, 71000, 5000, 76000, '2023-08-01'),
(72, 69000, 5500, 74500, '2023-08-01'),
(73, 67000, 4000, 71000, '2023-08-01'),
(74, 62000, 4500, 66500, '2023-08-01'),
(75, 64000, 4000, 68000, '2023-08-01'),
(76, 66000, 5500, 71500, '2023-08-01'),
(77, 72000, 5000, 77000, '2023-08-01'),
(78, 68000, 4000, 72000, '2023-08-01'),
(79, 71000, 5500, 76500, '2023-08-01'),
(80, 73000, 6000, 79000, '2023-08-01'),
(81, 70000, 4500, 74500, '2023-08-01'),
(82, 65000, 4000, 69000, '2023-08-01'),
(83, 67000, 5000, 72000, '2023-08-01'),
(84, 69000, 5500, 74500, '2023-08-01'),
(85, 72000, 4000, 76000, '2023-08-01'),
(86, 73000, 5000, 78000, '2023-08-01'),
(87, 74000, 4500, 78500, '2023-08-01'),
(88, 69000, 4000, 73000, '2023-08-01'),
(89, 68000, 5000, 73000, '2023-08-01'),
(90, 67000, 5500, 72500, '2023-08-01'),
(91, 66000, 6000, 72000, '2023-08-01'),
(92, 72000, 5000, 77000, '2023-08-01'),
(93, 70000, 4000, 74000, '2023-08-01'),
(94, 68000, 5500, 73500, '2023-08-01'),
(95, 75000, 6000, 81000, '2023-08-01'),
(96, 73000, 5000, 78000, '2023-08-01'),
(97, 69000, 4500, 73500, '2023-08-01'),
(98, 72000, 4000, 76000, '2023-08-01'),
(99, 67000, 5500, 72500, '2023-08-01'),
(100, 68000, 5000, 73000, '2023-08-01');

select * from salaries;

-- --------------------------------------------------------------------------------------------------------------------
-- PROJECTS TABLE

create table Projects (Project_Id int auto_increment primary key , Project_Name varchar(30) , Start_date date , End_date date , budget int);
drop table projects;
insert into Projects(Project_name,Start_date,End_date ,budget) values ('Project Alpha', '2024-01-01', '2024-06-30', 500000),
('Project Beta', '2024-02-01', '2024-07-31', 600000),
('Project Gamma', '2024-03-01', '2024-08-31', 550000),
('Project Delta', '2024-04-01', '2024-09-30', 450000),
('Project Epsilon', '2024-05-01', '2024-10-31', 700000),
('Project Zeta', '2024-06-01', '2024-11-30', 650000),
('Project Eta', '2024-07-01', '2024-12-31', 600000),
('Project Theta', '2024-08-01', '2025-01-31', 750000),
('Project Iota', '2024-09-01', '2025-02-28', 800000),
('Project Kappa', '2024-10-01', '2025-03-31', 550000),
('Project Lambda', '2024-11-01', '2025-04-30', 500000),
('Project Mu', '2024-12-01', '2025-05-31', 600000),
('Project Nu', '2025-01-01', '2025-06-30', 650000),
('Project Xi', '2025-02-01', '2025-07-31', 700000),
('Project Omicron', '2025-03-01', '2025-08-31', 550000),
('Project Pi', '2025-04-01', '2025-09-30', 450000),
('Project Rho', '2025-05-01', '2025-10-31', 500000),
('Project Sigma', '2025-06-01', '2025-11-30', 600000),
('Project Tau', '2025-07-01', '2025-12-31', 650000),
('Project Upsilon', '2025-08-01', '2026-01-31', 550000),
('Project Phi', '2025-09-01', '2026-02-28', 700000),
('Project Chi', '2025-10-01', '2026-03-31', 750000),
('Project Psi', '2025-11-01', '2026-04-30', 800000),
('Project Omega', '2025-12-01', '2026-05-31', 650000),
('Project Alpha II', '2026-01-01', '2026-06-30', 600000),
('Project Beta II', '2026-02-01', '2026-07-31', 550000),
('Project Gamma II', '2026-03-01', '2026-08-31', 700000),
('Project Delta II', '2026-04-01', '2026-09-30', 450000),
('Project Epsilon II', '2026-05-01', '2026-10-31', 750000),
('Project Zeta II', '2026-06-01', '2026-11-30', 800000),
('Project Eta II', '2026-07-01', '2026-12-31', 650000),
('Project Theta II', '2026-08-01', '2027-01-31', 550000),
('Project Iota II', '2026-09-01', '2027-02-28', 600000),
('Project Kappa II', '2026-10-01', '2027-03-31', 700000),
('Project Lambda II', '2026-11-01', '2027-04-30', 450000),
('Project Mu II', '2026-12-01', '2027-05-31', 550000),
('Project Nu II', '2027-01-01', '2027-06-30', 650000),
('Project Xi II', '2027-02-01', '2027-07-31', 600000),
('Project Omicron II', '2027-03-01', '2027-08-31', 550000),
('Project Pi II', '2027-04-01', '2027-09-30', 700000),
('Project Rho II', '2027-05-01', '2027-10-31', 750000),
('Project Sigma II', '2027-06-01', '2027-11-30', 800000),
('Project Tau II', '2027-07-01', '2027-12-31', 650000),
('Project Upsilon II', '2027-08-01', '2028-01-31', 550000),
('Project Phi II', '2027-09-01', '2028-02-28', 600000),
('Project Chi II', '2027-10-01', '2028-03-31', 700000),
('Project Psi II', '2027-11-01', '2028-04-30', 750000),
('Project Omega II', '2027-12-01', '2028-05-31', 800000),
('Project Alpha III', '2028-01-01', '2028-06-30', 550000),
('Project Beta III', '2028-02-01', '2028-07-31', 600000),
('Project Gamma III', '2028-03-01', '2028-08-31', 700000),
('Project Delta III', '2028-04-01', '2028-09-30', 450000),
('Project Epsilon III', '2028-05-01', '2028-10-31', 750000),
('Project Zeta III', '2028-06-01', '2028-11-30', 800000),
('Project Eta III', '2028-07-01', '2028-12-31', 650000),
('Project Theta III', '2028-08-01', '2029-01-31', 550000),
('Project Iota III', '2028-09-01', '2029-02-28', 600000),
('Project Kappa III', '2028-10-01', '2029-03-31', 700000),
('Project Lambda III', '2028-11-01', '2029-04-30', 450000),
('Project Mu III', '2028-12-01', '2029-05-31', 550000),
('Project Nu III', '2029-01-01', '2029-06-30', 650000),
('Project Xi III', '2029-02-01', '2029-07-31', 600000),
('Project Omicron III', '2029-03-01', '2029-08-31', 550000),
('Project Pi III', '2029-04-01', '2029-09-30', 700000),
('Project Rho III', '2029-05-01', '2029-10-31', 750000),
('Project Sigma III', '2029-06-01', '2029-11-30', 800000),
('Project Tau III', '2029-07-01', '2029-12-31', 650000),
('Project Upsilon III', '2029-08-01', '2030-01-31', 550000),
('Project Phi III', '2029-09-01', '2030-02-28', 600000),
('Project Chi III', '2029-10-01', '2030-03-31', 700000),
('Project Psi III', '2029-11-01', '2030-04-30', 750000),
('Project Omega III', '2029-12-01', '2030-05-31', 800000),
('Project Alpha IV', '2030-01-01', '2030-06-30', 550000),
('Project Beta IV', '2030-02-01', '2030-07-31', 600000),
('Project Gamma IV', '2030-03-01', '2030-08-31', 700000),
('Project Delta IV', '2030-04-01', '2030-09-30', 450000),
('Project Epsilon IV', '2030-05-01', '2030-10-31', 750000),
('Project Zeta IV', '2030-06-01', '2030-11-30', 800000),
('Project Eta IV', '2030-07-01', '2030-12-31', 650000),
('Project Theta IV', '2030-08-01', '2031-01-31', 550000),
('Project Iota IV', '2030-09-01', '2031-02-28', 600000),
('Project Kappa IV', '2030-10-01', '2031-03-31', 700000),
('Project Lambda IV', '2030-11-01', '2031-04-30', 450000),
('Project Mu IV', '2030-12-01', '2031-05-31', 550000),
('Project Nu IV', '2031-01-01', '2031-06-30', 650000),
('Project Xi IV', '2031-02-01', '2031-07-31', 600000),
('Project Omicron IV', '2031-03-01', '2031-08-31', 550000),
('Project Pi IV', '2031-04-01', '2031-09-30', 700000),
('Project Rho IV', '2031-05-01', '2031-10-31', 750000),
('Project Sigma IV', '2031-06-01', '2031-11-30', 800000),
('Project Tau IV', '2031-07-01', '2031-12-31', 650000),
('Project Upsilon IV', '2031-08-01', '2032-01-31', 550000),
('Project Phi IV', '2031-09-01', '2032-02-28', 600000),
('Project Chi IV', '2031-10-01', '2032-03-31', 700000),
('Project Psi IV', '2031-11-01', '2032-04-30', 750000),
('Project Omega IV', '2031-12-01', '2032-05-31', 800000),
('Project Alpha V', '2032-01-01', '2032-06-30', 550000),
('Project Beta V', '2032-02-01', '2032-07-31', 600000),
('Project Gamma V', '2032-03-01', '2032-08-31', 700000),
('Project Delta V', '2032-04-01', '2032-09-30', 450000),
('Project Alpha', '2024-01-01', '2024-06-30', 500000),
('Project Beta', '2024-02-01', '2024-07-31', 600000),
('Project Gamma', '2024-03-01', '2024-08-31', 550000),
('Project Delta', '2024-04-01', '2024-09-30', 450000),
('Project Epsilon', '2024-05-01', '2024-10-31', 700000),
('Project Zeta', '2024-06-01', '2024-11-30', 650000),
('Project Eta', '2024-07-01', '2024-12-31', 600000),
('Project Theta', '2024-08-01', '2025-01-31', 750000),
('Project Iota', '2024-09-01', '2025-02-28', 800000),
('Project Kappa', '2024-10-01', '2025-03-31', 550000),
('Project Lambda', '2024-11-01', '2025-04-30', 500000),
('Project Mu', '2024-12-01', '2025-05-31', 600000),
('Project Nu', '2025-01-01', '2025-06-30', 650000),
('Project Xi', '2025-02-01', '2025-07-31', 700000),
('Project Omicron', '2025-03-01', '2025-08-31', 550000),
('Project Pi', '2025-04-01', '2025-09-30', 450000),
('Project Rho', '2025-05-01', '2025-10-31', 500000),
('Project Sigma', '2025-06-01', '2025-11-30', 600000),
('Project Tau', '2025-07-01', '2025-12-31', 650000),
('Project Upsilon', '2025-08-01', '2026-01-31', 550000),
('Project Phi', '2025-09-01', '2026-02-28', 700000),
('Project Chi', '2025-10-01', '2026-03-31', 750000),
('Project Psi', '2025-11-01', '2026-04-30', 800000),
('Project Omega', '2025-12-01', '2026-05-31', 650000),
('Project Alpha II', '2026-01-01', '2026-06-30', 600000),
('Project Beta II', '2026-02-01', '2026-07-31', 550000),
('Project Gamma II', '2026-03-01', '2026-08-31', 700000),
('Project Delta II', '2026-04-01', '2026-09-30', 450000),
('Project Epsilon II', '2026-05-01', '2026-10-31', 750000),
('Project Zeta II', '2026-06-01', '2026-11-30', 800000),
('Project Eta II', '2026-07-01', '2026-12-31', 650000),
('Project Theta II', '2026-08-01', '2027-01-31', 550000),
('Project Iota II', '2026-09-01', '2027-02-28', 600000),
('Project Kappa II', '2026-10-01', '2027-03-31', 700000),
('Project Lambda II', '2026-11-01', '2027-04-30', 450000),
('Project Mu II', '2026-12-01', '2027-05-31', 550000),
('Project Nu II', '2027-01-01', '2027-06-30', 650000),
('Project Xi II', '2027-02-01', '2027-07-31', 600000),
('Project Omicron II', '2027-03-01', '2027-08-31', 550000),
('Project Pi II', '2027-04-01', '2027-09-30', 700000),
('Project Rho II', '2027-05-01', '2027-10-31', 750000),
('Project Sigma II', '2027-06-01', '2027-11-30', 800000),
('Project Tau II', '2027-07-01', '2027-12-31', 650000),
('Project Upsilon II', '2027-08-01', '2028-01-31', 550000),
('Project Phi II', '2027-09-01', '2028-02-28', 600000),
('Project Chi II', '2027-10-01', '2028-03-31', 700000),
('Project Psi II', '2027-11-01', '2028-04-30', 750000),
('Project Omega II', '2027-12-01', '2028-05-31', 800000),
('Project Alpha III', '2028-01-01', '2028-06-30', 550000),
('Project Beta III', '2028-02-01', '2028-07-31', 600000),
('Project Gamma III', '2028-03-01', '2028-08-31', 700000),
('Project Delta III', '2028-04-01', '2028-09-30', 450000),
('Project Epsilon III', '2028-05-01', '2028-10-31', 750000),
('Project Zeta III', '2028-06-01', '2028-11-30', 800000),
('Project Eta III', '2028-07-01', '2028-12-31', 650000),
('Project Theta III', '2028-08-01', '2029-01-31', 550000),
('Project Iota III', '2028-09-01', '2029-02-28', 600000),
('Project Kappa III', '2028-10-01', '2029-03-31', 700000),
('Project Lambda III', '2028-11-01', '2029-04-30', 450000),
('Project Mu III', '2028-12-01', '2029-05-31', 550000),
('Project Nu III', '2029-01-01', '2029-06-30', 650000),
('Project Xi III', '2029-02-01', '2029-07-31', 600000),
('Project Omicron III', '2029-03-01', '2029-08-31', 550000),
('Project Pi III', '2029-04-01', '2029-09-30', 700000),
('Project Rho III', '2029-05-01', '2029-10-31', 750000),
('Project Sigma III', '2029-06-01', '2029-11-30', 800000),
('Project Tau III', '2029-07-01', '2029-12-31', 650000),
('Project Upsilon III', '2029-08-01', '2030-01-31', 550000),
('Project Phi III', '2029-09-01', '2030-02-28', 600000),
('Project Chi III', '2029-10-01', '2030-03-31', 700000),
('Project Psi III', '2029-11-01', '2030-04-30', 750000),
('Project Omega III', '2029-12-01', '2030-05-31', 800000),
('Project Alpha IV', '2030-01-01', '2030-06-30', 550000),
('Project Beta IV', '2030-02-01', '2030-07-31', 600000),
('Project Gamma IV', '2030-03-01', '2030-08-31', 700000),
('Project Delta IV', '2030-04-01', '2030-09-30', 450000),
('Project Epsilon IV', '2030-05-01', '2030-10-31', 750000),
('Project Zeta IV', '2030-06-01', '2030-11-30', 800000),
('Project Eta IV', '2030-07-01', '2030-12-31', 650000),
('Project Theta IV', '2030-08-01', '2031-01-31', 550000),
('Project Iota IV', '2030-09-01', '2031-02-28', 600000),
('Project Kappa IV', '2030-10-01', '2031-03-31', 700000),
('Project Lambda IV', '2030-11-01', '2031-04-30', 450000),
('Project Mu IV', '2030-12-01', '2031-05-31', 550000),
('Project Nu IV', '2031-01-01', '2031-06-30', 650000),
('Project Xi IV', '2031-02-01', '2031-07-31', 600000),
('Project Omicron IV', '2031-03-01', '2031-08-31', 550000),
('Project Pi IV', '2031-04-01', '2031-09-30', 700000),
('Project Rho IV', '2031-05-01', '2031-10-31', 750000),
('Project Sigma IV', '2031-06-01', '2031-11-30', 800000),
('Project Tau IV', '2031-07-01', '2031-12-31', 650000),
('Project Upsilon IV', '2031-08-01', '2032-01-31', 550000),
('Project Phi IV', '2031-09-01', '2032-02-28', 600000),
('Project Chi IV', '2031-10-01', '2032-03-31', 700000),
('Project Psi IV', '2031-11-01', '2032-04-30', 750000),
('Project Omega IV', '2031-12-01', '2032-05-31', 800000),
('Project Alpha V', '2032-01-01', '2032-06-30', 550000),
('Project Beta V', '2032-02-01', '2032-07-31', 600000),
('Project Gamma V', '2032-03-01', '2032-08-31', 700000),
('Project Delta V', '2032-04-01', '2032-09-30', 450000);

select * from projects ;

-- -------------------------------------------------------------------------------------------------------------------
-- EMPLOYEE PROJECTS TABLE 

CREATE TABLE EmployeeProjects (
    emp_id INT,
    project_id INT,
    role VARCHAR(50)
);
INSERT INTO EmployeeProjects (emp_id, project_id, role)
SELECT 
    emp_id, 
    FLOOR(1 + (RAND() * 200)), -- Random project_id between 1 and 200
    CASE 
        WHEN n % 2 = 0 THEN 'Team Member'
        WHEN n % 3 = 0 THEN 'Lead'
        ELSE 'Consultant'
    END
FROM 
    Employees
    CROSS JOIN (SELECT @row := @row + 1 AS n FROM (SELECT 0 UNION ALL SELECT 1) t1 CROSS JOIN (SELECT 0 UNION ALL SELECT 1) t2 CROSS JOIN (SELECT 0 UNION ALL SELECT 1) t3 CROSS JOIN (SELECT 0 UNION ALL SELECT 1) t4 CROSS JOIN (SELECT 0 UNION ALL SELECT 1) t5 CROSS JOIN (SELECT 0 UNION ALL SELECT 1) t6, (SELECT @row := 0) r) as nums LIMIT 3000;
    
    select * from employeeprojects;

-- --------------------------------------------------------------------------------------------------------------------------------
-- PERFOMANC REVIEWS TABLE

create table PerfomanceReviews(Review_Id int auto_increment primary key, Emp_Id int , Review_date date , Review_Score int , Comments Text);
drop table perfomanceReviews;
INSERT INTO PerfomanceReviews (emp_id, review_date, review_score, comments)
SELECT 
    emp_id, 
    DATE_SUB(CURDATE(), INTERVAL FLOOR(RAND() * 365) DAY), -- Random review_date in the last year
    FLOOR(1 + (RAND() * 5)), -- Random review_score between 1 and 5
    CASE 
        WHEN n % 2 = 0 THEN 'Excellent performance'
        WHEN n % 3 = 0 THEN 'Needs improvement'
        ELSE 'Satisfactory performance'
    END
FROM 
    Employees
    CROSS JOIN (SELECT @row := @row + 1 AS n FROM (SELECT 0 UNION ALL SELECT 1)
    t1 CROSS JOIN (SELECT 0 UNION ALL SELECT 1)
    t2 CROSS JOIN (SELECT 0 UNION ALL SELECT 1)
    t3 CROSS JOIN (SELECT 0 UNION ALL SELECT 1) 
    t4 CROSS JOIN (SELECT 0 UNION ALL SELECT 1) 
    t5 CROSS JOIN (SELECT 0 UNION ALL SELECT 1) 
    t6, (SELECT @row := 0) r) as nums LIMIT 1000;


select * from perfomancereviews;

SELECT 
    Employees.emp_name, 
    Departments.dept_name, 
    EmployeeProjects.role, 
    Projects.project_name
FROM 
    Employees
JOIN 
    Departments ON Employees.dept_id = Departments.dept_id
JOIN 
    EmployeeProjects ON Employees.emp_id = EmployeeProjects.emp_id
JOIN 
    Projects ON EmployeeProjects.project_id = Projects.project_id;
    
    SELECT 
    dept_name, 
    MAX(salary) AS highest_salary
FROM 
    Employees
JOIN 
    Departments ON Employees.dept_id = Departments.dept_id
GROUP BY 
    dept_name;


START TRANSACTION;

UPDATE Salaries
SET base_salary = base_salary * 1.1
WHERE emp_id = 1;

select * from salaries;


